type,title,times,desc
type,title,times,desc
zongyi,叶一茜毛毛姐加盟爆款星主播 见证后浪种草实力,2020-08-20 11:28:00,由腾讯视频独播的首档电商直播真人秀节目《爆款星主播》，已正式公布于11月播出。节目由沈涛担纲“首席聚星官”，原湖南卫视鬼马主持人关关作为“聚星助力官”倾力加盟，还将邀请到圈内最有影响力的明星和国内顶级流量的好物推荐官倾力助阵，共同见证点评业内“后浪”的“种草”实力！根据最新路透，除了已曝光的首发嘉宾带货女王“薇娅”和“奇葩说冠军”肖骁之外， “时尚辣妈”叶一茜、“视频平台人气赛总冠军”毛毛姐也将加盟参与录制。叶一茜作为圈内公认的“时尚辣妈”，经常在直播中与粉丝分享日常生活中自己用到的“好物”，这次作为“好物推荐官”参与《爆款星主播》一定会给观众带来更精彩的呈现。视频平台网红毛毛姐凭借鲜明的语言内容和夸张演绎广受粉丝喜爱，他的视频作品“农村人跟城里人蹦迪的区别”中的一句台词“好嗨奥，感觉人生已经达到了高潮，感觉人生已经达到了巅峰”，被无数人当bgm。目前“毛毛姐”粉丝已逾3000万，无论是带货能力还是广告效应都成为当之无愧的现象级红人。相信毛毛姐一定会在《爆款星主播》为选手做出切中要害的犀利点评。目前《爆款星主播》仍在海选中，随着更多嘉宾阵容和录制花絮的曝光，一定会为网友们带来更多的惊喜。(责编：明侦探)
zongyi,黄子韬与学员热聊 热狗独自坐前面直呼"变边缘人",2020-08-20 00:07:00,新浪娱乐讯 8月19日，说唱歌手热狗在微博晒出一张《说唱新世代》的节目照，照片中，黄子韬坐在热狗身后，和旁边的两位学员热聊，而热狗坐在前面戴着墨镜，显得有点孤单。他配文写道：“只要有心，不管到哪都可以变成边缘人。”随后，有网友在评论区给他留言，热狗也一一做了回应。有网友写道：“他们都不是盲人诶”，热狗回复称：“对，我惊了，哪有人录节目不戴墨镜的！我这几年到底经历了什么。”有网友调侃他的年纪不允许让他融入年轻人了，热狗也翻牌回复道：“我还年轻，这就是新世代找我的原因（漂亮的双押）。”
zongyi,艾福杰尼《泥巴小子》备受期待 综艺加持全面开花,2020-08-19 15:38:00,近日，著名说唱歌手、音乐制作人艾福杰尼又披露一首专辑内新歌《候木屋》，为他在8月24日即将发行的第三张个人原创专辑《泥巴小子》持续造热，引发高度期待。正值两档参与的综艺节目杀青及收官，可谓是音乐与综艺全面开花。艾福杰尼的这一首新歌《候木屋》，作为第三张全新个人专辑《泥巴小子》的预热曲已于平台上线，这也是他第三张创作专辑中率先披露的第二支歌曲。艾福杰尼用这首《候木屋》喻指“家庭”，表达自己对家庭观念的重视态度。“家”是每一个人最依赖的温柔港湾，艾福杰尼也想通过自己的音乐向听众传递一份温暖安心的力量。在前行的路上难免会迷失方向，希望大家无论如何不要忘记回家的路，不必在意流言蜚语，只需勇敢前进。《侯木屋》的MV真实记录了艾福杰尼的日常生活，展示他身为rapper最真实的一面。艾福杰尼坦言，他与大家一样，每天的日常都是“三点一线”，生活中的组成部分同样是工作、家人和朋友，生活寻常且简单。艾福杰尼近年发展全面，无论在音乐领域还是综艺节目上都有亮眼表现。出生于新疆的他，也一直积极尝试将更多中华民族传统的音乐风格融入在流行音乐当中，不仅旋律感高级，不同的音乐元素也融合的恰到好处，除去词曲创作能力高超以外，歌曲制作水平也令人眼前一亮。近期与范丞丞、马伯骞、宋妍霏等人一同参与录制的综艺《720潮流合伙人》已宣布杀青，参与的大型节目《超新星运动会》也已收官完结，这些节目中都不难发现艾福杰尼的亮眼表现，凭借幽默表现也登上热搜前列。今年来持续在综艺节目中，艾福杰尼都展现出他过人的艺能感，也令更多观众期待他出现在更多综艺节目中。而这次上线的新专辑《泥巴小子》第二首预热曲《候木屋》，也正在向听众们表达，艾福杰尼在外无论尝试怎样多面的新鲜领域，而归家后认真做好音乐的初衷是不曾改变的。据悉，艾福杰尼第三张全新个人专辑《泥巴小子》，即将于8月24日全面上线。期待西部说唱风暴艾福杰尼为大家带来高品质音乐的同时，也期待歌手与综艺人身份切换自如的他在更多综艺节目中优秀表现。(责编：kita)
zongyi,《新生日记》第二季定档 宁桓宇宣布升级当爸,2020-08-19 07:58:00,新快报讯 记者徐绍娜报道 《新生日记》第二季昨日发布定档海报，正式宣布定档8月25日，每周二中午12点芒果TV全网独播。随后，节目官宣宁桓宇、周安琴夫妇甜蜜加盟，宁桓宇也在微博上大方公开老婆的B超照片，高调宣布升级当爸。此前，《新生日记》曾放出了一组嘉宾悬念海报，“追梦赤子 新手爸妈”这一标签引起了网友的猜测，如今谜底揭开，原来是13届快男宁桓宇和老婆周安琴。宣传片中，宁桓宇、周安琴开启相爱相杀的互怼模式。周安琴表示自己一定是个慈母，吐槽老公宁桓宇啥都不干只会吹牛，这让宁桓宇非常不服。于是，宁桓宇开启对周安琴无微不至的照顾模式，搬行李时“你别动，我来”，做饭炒菜时“我来我来，我来摘”，并放话要用实际行动证明自己也会是个慈父。据透露，《新生日记》第二季全新夫妻阵容即将逐一揭晓，将继续呈现四对不同孕期夫妻的日常生活，不仅包括新手父母，更聚焦二孩家庭，真实记录四组家庭从孕到育的关键时刻，聚焦当下的社会热点问题。(责编：kita)
zongyi,《两天一夜》因疫情推迟日程 大幅度减少拍摄人员,2020-08-20 10:28:00,新浪娱乐讯　KBS2人气综艺节目《两天一夜》第四季受新冠疫情的影响，决定推迟预定的拍摄日程。20日，KBS相关人士对韩媒表示：“由于最近新冠病毒在首尔、首都圈地区的扩散，《两天一夜》决定延期预定于21日的拍摄。存有一定的拍摄分量，所以不会影响到节目播出。《两天一夜》节目组正在密切关注着新冠病毒扩散情况，将讨论下周的拍摄日程。另外，对拍摄场地及构成等都有进行考虑。随着政府在首尔、首都圈地区实施“社会距离2阶段”政策，今后拍摄时我们也将会积极履行防疫方针。像野外及室内拍摄将采用最少人员运营的方针，把成员以及工作人员的安全放在首位。《两天一夜》节目组从今年年初开始一直关注着疫情变化趋势，不断修改结构进行拍摄，出演者和工作人员也一直致力于防疫工作。就像以往积极履行防疫方针时一样，今后也将安全地制作节目。”另外，KBS2人气综艺节目《两天一夜》第四季成员有延政勋、金宣虎、文世允、金钟旼、Dindin、RAVI（金元植）。bnt新闻/供稿 张薇/文 KBS2/图(责编：肉圆)
zongyi,马思纯发文大夸李诞 称其中年得志台上台下一个样,2020-08-19 23:02:00,新浪娱乐讯 8月19日，综艺《脱口秀大会》更新，马思纯在节目播出后发文夸赞李诞，她写道：“《脱口秀大会》是我最近半年的欢乐源泉，一下子从第一期反反复复刷到今天这期。不能不说，诞总是个有想法的男子，中年得志。而且最难得是，他台上台下一个样，不装，当然他也没机会耍帅。但是这份真诚值得我继续追他的节目。（我向他表达我对节目的爱，他让我夸他。）尽力了。”李诞见状在评论区回应称：“括号之外的都是真情实感，很感动，有品味，替你开心。 ”
zongyi,《奔跑吧》走过100期 创新是根本,2020-08-19 06:27:00,上周五收官的浙江卫视《奔跑吧》第四季再次创造了多个经典的综艺主题，而这档常青节目也走过了100期，即将进入第八个年头。本季《奔跑吧》平均收视率CSM55城2.852，微博热搜139个，较去年增长67%；全网热搜1002个，较去年增长251%，继续稳居同时段第一位。而今年作为国家攻坚脱贫的重要时期，《奔跑吧》也将承担社会责任，在第四季度推出《奔跑吧·黄河篇》。导演姚译添透露，具体的节目方案、嘉宾阵容仍在策划中，“但相信会让大家看到比较不一样的《奔跑吧》。”2020年是特殊的一年。新冠疫情让人们暂停忙碌，开始反思生活；社交距离的被迫疏离，却让人与人的心灵交流趋于紧密。而从“黄河大合唱”“联合国环保演讲”到“龙舟争霸赛”“鞍钢父子特辑”，始终围绕社会主题的《奔跑吧》本季也再次突破以往风格，内容上更注重探寻内心世界。例如节目第六期的“打头事件”，节目组用诙谐幽默的环节，首度用真人秀方式探讨了碎片化信息时代带来的认知误区。随着网络飞速发展，真真假假的消息充斥社交媒介，大到国家、疫情等公共事件，小到平凡人的日常生活，大众缺乏理性判断的能力，导致谣言传播给很多人带来了伤害。“包括嘉宾、节目组都经历过恶意揣测和无中生有，但其实很多人并不了解事情的全过程。”姚译添称。因此《奔跑吧》开展了这场模拟性的社会实验，设计了“沙溢打李晨”这条未经证实的消息，并在扩散过程中让嘉宾形成社会中最常见的“不实信息制造者”“不实信息受害者”“围观者”等不同角色，引出“你看到的不一定是事实，你以为的事实不一定是真相”的话题探讨，以呼吁大众客观全面地思考问题。本季《奔跑吧》也再次走出自身舒适区，挑战了“人生选择”、“偶像包袱”等诸多看似日常、却需要头脑风暴的意象化主题。在姚译添看来，如果把《奔跑吧》比作一家多年名店，随着大众生活水平、审美能力的不断提高，品牌主打的内容也必须创新。“这是我们节目组的‘执念’。所以每一季我们都希望至少有一期不太走寻常路。”其中第七期“循”演马戏团最具先锋性。看似是一场马戏巡演，但跑男团却陷入一场时间循环中。场景、游戏一遍遍重复，每一次挑战失败后，全体都要回到最初的场景重新开始。姚译添称，这期的创意来源于电影中常见的时间循环，也映射了疫情期间大家每天都在重复同样的生活。但在强调速食节奏的娱乐真人秀，这个没有任何先例参考的主题，也极大考验了观众的耐心，播出后评价良莠不齐。其实在录制前四天，姚译添也曾打退堂鼓，犹豫要不要改做一期风险更小的内容，“游戏不能太难也不能太简单，我们反复测试，保证玩个两三次都能通过，不会一直循环下去。但我们还是不知道会拍成什么样子，太难了。”最终姚译添还是选择了创新。他认为当一件事所有人都认为没有风险时，反而证明它已经过时了。“打头事件”播出后，观众评价此期为最用心的节目策划，#奔跑吧这期主题真的好#话题微博阅读量也高达6.3亿。从第一、二季首次尝试剧情化综艺，第三季将“狼人游戏”综艺化，到第四季探索沉浸式破案剧情的模式……《奔跑吧》从不希望吃老本。“在突破、创新的过程中，必然会出现很多问题，也不是每次尝试都成功。但我们愿意冒这个险，不断尝试才能有更多前进的空间。”姚译添说。2019年“跑男团”历经大换血，姚译添试图转换节目的“明星视角”，用全新阵容直面“综N代”所需的生命力延续。而本季《奔跑吧》再次更新换代，由李晨、Angelababy（杨颖）、郑恺三位老成员继续坐镇，带领新加入的沙溢、蔡徐坤、郭麒麟，全面黏合70后、80后、90后、00后等各个年龄层的观众。姚译添综合考量了嘉宾间的搭配，尽量避免跑男团中有重复的性格和特长。沙溢承担了节目“润滑剂”的角色，用快速的抛梗、接梗能力，把新老成员迅速串联起来。“他很适合这个节目。”郭麒麟是节目中的“机灵”担当，“虽然其他成员也很聪明，但郭麒麟的聪明有个人风格。而且他语言天赋很高，知识涉猎面也特别广。”而蔡徐坤则是第一次担任户外真人秀的固定嘉宾。一开始姚译添并不了解他的性格，但见面后却发现了他身上尚未被大众看到的一面——性格有时大大咧咧，是个大男孩；有时又保持偶像的气质；玩游戏、做任务也具有很强的胜负欲。在录制过程中，蔡徐坤也给姚译添带来诸多惊喜。例如适用于任何环境的“坤式步伐”、快到模糊的奔跑速度，“他的运动力超乎我的预料。”例如天然的综艺感，很多时候蔡徐坤并不需要刻意做什么，但真实的反应就能产生节目想要的效果。新成员通过节目被大众认知，老成员也一改上一季的紧绷状态。Angelababy在“魅力男士”撕名牌中反杀男嘉宾；郑恺在“100期特辑”中获得全勤嘉宾奖；性格耿直的李晨在“打头事件”中因饰演“诬陷者”而崩溃落泪。“他们被激发出料想不到的表现，给观众带来惊喜。”2014年10月10日，《奔跑吧兄弟》播出第一期节目，自此“跑男团”喊着“奔跑吧”的口号，陪伴观众走过了“七年之痒”。七年间，跑男团先后前往十几个国家、几十个城市，经历了上百种考验。本季《奔跑吧》迎来了它的第100期，姚译添感触颇多，“我们没觉得自己有多厉害，但真的很不容易。很多幕后故事大家并不知道，好多人都在为节目付出。”因此“100期特辑”姚译添并未刻意“煽情”，而是当作一期普通节目策划，展开跑男团与“00后”的对决以此迎接新生的力量；同时在最后撕名牌时，将100期的所有关键词串成通关密码，一步步吸引嘉宾和观众回忆起过去七年的点点滴滴。而《奔跑吧》走入新的百期，姚译添坦言，台前幕后都背负了更多压力， “很多观众都说自己是100期的全勤观众，我们知道，无论他们是批评还是建议，都对这个节目带着爱和期许，我们不能做得不好。我觉得未来我们更多会带着这样的责任和守护心继续把《奔跑吧》做下去。”采写/新京报记者 张赫(责编：kita)
zongyi,五条人：我们的听众是玛丽莲梦露那样的美女,2020-08-19 08:08:00,记者 |刘燕秋采访在五条人演完《Last dance》后的一天进行，前一天晚上乐队们开派对，他们从晚上录完节目一直喝到早晨6点，茂涛说，他实在顶不住了，凌晨3点多就回来了，他回忆昨天一起喝酒的房间“像一个垃圾场”。仁科后来补充说，那是“即兴之后的现场”——各种酒精在“即兴”，有啤酒、白兰地、葡萄酒、威士忌，还有小龙虾。五条人在《乐夏2》的经历一波三折，人们也记住了他们有多爱“即兴”。他们先是临时换歌，用方言演绎的《道山靓仔》票数惨淡，首场即遭淘汰，但谁能想到，在交谈中自然流露的幽默感让他们一夜之间上了热搜。之后马东吹纸条从三支乐队里捞回了五条人——如同宿命一般，他们获得了复活的机会。复活赛上，他们再度出人意料地放弃准备时间，即兴来了一段“拖鞋酸了”。乐评人耳帝评论这一幕时说道，“永远不要进入成熟化的预设与完全掌控的模式里，生活才会给你意外惊喜。”结果下一场乐队改编赛上，五条人又被淘汰了。《乐夏》做到第二季，正如监制牟頔所言，今年来的很多乐队会更紧张，更在意。但五条人显然不在这个范畴里，他们没那么在乎输赢，也不避讳谈及淘汰，这份随性甚至增加了他们在观众眼中的魅力。采访前我问他们的经纪人，聊淘汰的事情他们会不会不开心，她说没关系，你见到他们就知道了。7月中的一天，在北京的一家酒店，我见到了五条人中的三条，仁科、茂涛和牛河。和很多乐队一样，五条人的阵容也在不断变化，除了两个灵魂人物，后续还加入了贝斯手牛河和鼓手长江。2017年加入的牛河是90后，毕业于星海音乐学院，曾经组过一支爵士乐队。在仁科眼中，爵士乐是即兴的代表，这也是牛河能加入五条人的原因。采访在茂涛的房间进行，他踩着那双招牌的红色拖鞋，没戴墨镜，走过来和我握手。过了一会儿，仁科走进房间，他保持了一贯的靓仔打扮——穿豹纹短裤和黑皮鞋，还带过来一瓶酒，叫服务员加点冰。仁科说，现在头还有点晕晕的，要先喝点酒来“解酒”。冰块在杯子里咯噔响。“开始吧，一支烟的时间。”仁科笑笑，点了一支烟。在一个多小时的谈话里，仁科是负责发言的那个人，他有时表情严肃，有时言谈浮夸，有时会主动叫另外两个人来回答一些问题。总体来说，采访仁科是一件不在你预想轨道之上的事情，因为他总爱插科打诨，以至于当他想要认真表达些什么的时候，会强调自己“不是在开玩笑”。五条人之前拒绝过别的节目的邀请，所以我想知道，他们这次为什么会愿意参加《乐夏2》。也许因为已经说过太多遍，仁科的回答简单利落，“因为疫情，没事干”。“这是真心话吗？”“真心话，也是大冒险，你自己理解吧。”“疫情夺走了我们的一切。开玩笑的，OK，过了，不要煽情。”但他们并非什么都不在乎。在《Last dance》这场演出之前，牛河一度很担心，“之前几乎没见过他们俩唱流行歌，不知道他们会不会不习惯”。牛河也怕他们喝了酒之后会忘词，或是出现其他的问题。后来几个人在广州凑在一起排练，刚演了前半段，牛河就发现自己的担心多余了，“我知道他们都很认真地练习过了。”人们没有看到的部分是，改编其实花了不少心思，为了唱好这首歌，仁科有半个月没抽烟，一直到这首歌唱完了，被淘汰了，他才开始猛抽。“我排练的时候试过，如果抽烟的话喉咙的状态会不太好。我唱自己的歌是没问题的，但因为流行歌需要一些技巧，状态不好的话有一些高音可能会处理不好，所以你看，唱好一首歌要付出代价。如果真的决心要唱流行歌，那我就真的不能抽烟，我做到了，阿茂也做到了，这又如何？”仁科三十多岁了，但有时讲起话来仍然带着少年的意气。茂涛对此的体会更深，他抽烟抽得比仁科还凶，常常是一天一两包烟，《Last dance》的副歌部分也给他带来挑战。“抽烟确实很影响声音状态，因为那个高音需要你的嗓音很通透。”他站起来指着外面的停车场，那个角落是他练歌的地方。“因为那里不扰民嘛，我嗓门大，如果在房间唱的话，酒店里的人也可以听得到，就没什么新鲜感了，就特意跑到那边去。”抛开综艺里个性的流露，该怎样理解五条人的音乐？不要忘了，他们的前两张专辑《县城记》和《一些风景》曾获得华语音乐传媒大奖等十几个音乐奖项。过往，外界总给五条人贴“新闻民谣”的标签，因为他们喜欢从光怪陆离的社会新闻中捕捉灵感，用音乐记录城市转型中形形色色边缘人物的生活。比如《梦想化工厂》里在工厂外坐着喝西北风的阿伯、发廊里的春天小姐、阿炳耀、龙哥……他们甚至有一张概念专辑就叫《故事会》。一些音乐人会刻意回避外界的信息，五条人则对这个世界上正在发生的事保持着足够的敏感和好奇心——我们谈起了去鹤岗买房的新闻。仁科看过那则报道，称赞起记者的文字控制能力。“他写得像小说，里面那个人有时候两三个月在海上漂着，这个太酷了，你可以展开想象，想到《少年派的奇幻漂流》之类的”。五条人的音乐世界里不能没有这样的小人物，仁科和茂涛也曾是这样的小人物。在广州期间，他们住在不见天光的城中村，卖过打口CD和盗版书，也到大学校园里贴商业活动广告。仁科热爱文学，喜欢作家福楼拜，几乎看过他的所有小说。在阐述自己和歌中人物的关系时，他告诉我，“福楼拜写《包法利夫人》时文学界都说他伤风败俗，那时福楼拜说了一句话，‘包法利夫人就是我’，颠覆了当时的主流小说创作。我们刻画了这么多小人物，他们的困惑就是我们的困惑。”借着综艺的热度，很多人对他们个性的喜爱超过了音乐本身，仁科并不为此烦恼，因为他相信五条人的个性和音乐是一体两面的。这种说法似乎有些道理，他们言谈中流露着混社会的小人物才有的那种幽默感，这和他们过往创作的风格、关心的题材保持了一致。但五条人不是一成不变的。仁科也承认他们的音乐一直在变来变去。录节目的同时，五条人还在公司摩登天空录制了新歌《地球仪》。这是五条人成立十二年以来的第八张专辑，惊讶于他们创作之高产的同时，你会发现他们关心的东西又发生了变化。“我有一个地球仪/我会一句班巴拉语/在马里共和国/我钓到一条鱼”，仁科用“迷幻”来形容这首歌的风格。他在采访中也提到了马里，仁科喜欢那里的音乐，常常反复听，很多歌到现在他都不知道唱的是什么，但他相信自己能“感受到里面的情感”。乐评人、摩登天空艺术总监张晓舟认为，在五条人的晚近作品中，“流浪”和“乡愁”早就不再囿于“土地与歌”的关系，而是上升为一场又一场时空错乱的迷幻交战。事实上，在他们从县城海丰搬到广州后，作品的视野就变了，方言歌曲的数量开始减少，2015 年的《广东姑娘》中普通话歌曲占到一半，2016 年《梦幻丽莎发廊》的 12 首歌曲中只有三首方言歌曲。与此同时，五条人的音乐版图还在不断扩大，2018年起，他们将巡演拓展到了国外，先后去到巴西和葡萄牙演出。提起那次巴西之旅，三个人都兴致勃勃。在圣保罗的保利斯塔大道上，街头艺人的表演让他们看到“音乐在另一个民族所呈现出的面貌”，拉美人玩音乐时的热情感染了他们，仁科忍不住跟着跳舞，他还想上台唱歌，但因为跳得太投入，他就忘记了这件事。如果不是因为疫情，他们今年6月份要去葡萄牙参加音乐节，9月份将会去德国参加艺术展。一如在节目中所说，仁科确实在学习英文，将来或许会写英文歌，或是其他语言的歌。可以说，五条人践行了发第一张专辑时立下的那句“立足世界，放眼海丰”，如今的他们也早已走出了海丰，但我想知道的是，对于现在的仁科和茂涛来说，海丰意味着什么？仁科说，其实他们只在过年过节的时候会回海丰，平时大多数时候都待在广州。关于海丰，很多事情他都已经不记得了，那些最深刻的记忆往往跟吃的、女孩子和一些特殊的地点有关。他想起海丰有一个红尘电影院，位于县城最中心，有一次和几个好朋友周末一起玩，走到红尘电影院门口，一个朋友忽然问今天是几号，然后跟大家约定，10年后的这天一定要在这里相遇。“我离开海丰已经快16年了，后来根本没去过，估计他们也忘了，但是当时说的很坚定，10年后的今天我们一定要来这里，现在都忘了约定的是哪一天。”他的语调是轻松的，没有什么逝去的感伤，把这当成一件好玩的事来诉说。在葡萄牙巡演时，五条人唱了《世情》，那是他们第二张方言专辑《一些风景》里的歌，在正式表演前，仁科让英语更流利的牛河介绍了这个故事的大意——一个在工厂工作的年轻人总幻想能环游世界，但最终他还是待在工厂里“从早做到暗”。仁科和茂涛，他们保留了县城文艺青年的天性，但他们毕竟不再是《世情》里所写的那个阿良仔。他们已经带着自己的音乐迈向了更大的世界，希望“地球是平的，就像在超市买的平底锅”。谈及过去，仁科低头说，“我这个人不念旧，以前是以前的他，现在可能就不是过去我认识的那个他了，我不会因为以前怎么样，现在还是怎样，人就像河流，有时凶猛，有时平静，有时宽，有时窄，流水是不断变化的，人也是”。：你们之前看过第一季的《乐夏》吗？：我看了一个开头就没再看了，因为我不喜欢看综艺节目，连续剧也不看，因为需要一集一集地追，我觉得很烦，因为我没看，所以不知道好不好。她（经纪人）后来给我发了一些相关的视频，精选了一些，一定要让我去看，准备一下，我也不想看。因为平时很忙的嘛，我要追踪鹤岗的房，不是后来在百度贴吧上有很多人问关于鹤岗买房的消息，那个比较综艺和连续剧都好看。：你们也会经常网上冲浪？：我们跟你们一样的，我们都是people，我们都是human，都是正常人。：因为之前不了解，你们参加这个节目就相当于踏上一段未知的旅行，是这个感觉吗？：阿茂有看一些。：其实我当时是好奇，有一些做音乐的朋友提起过，我就去看了一下，不过说真的，第一季的第一集出来实在是有点让人崩溃，好像是小朋友上幼儿园的那种感觉，舞美啊呈现啊很卡通式的那种，后面几期越来越好，包括舞台的设计、灯光、调音都很专业。但我不是说全部一集一集看下来，我一般会跳到音乐这一块，看他们演得怎么样，有一些还真的挺有意思的，比如新裤子跟Cindy的表演是特别有意思的合作。：你们的娱乐生活一般是干什么？：我基本不看综艺，小时候看得最多的是香港的《超级掌门人》，初中之后就没怎么看了。我一般都是看电影，我们都特别喜欢看电影，还有就是朋友聚一聚，聊一聊的，像昨天那种的。差不多就这些，还是有点闷。：你们第一场最后是怎么决定要唱《道山靓仔》的？：因为我们歌很多你知道吗？而且有很多不同的类型和风格，有些歌可能很柔，有些像流行歌那样，有些是很摇滚的，很躁的，还有一些相对另类一点的，所以在这个过程中我们考虑了很多，有纠结过。有一种乐队的风格是很统一的，那还好，像我们这样变来变去，在选择上确实是有纠结，所以最后就没决定，稀里糊涂的，后来就临时改歌嘛。：你们平时做音乐的时候也比较讲究即兴创作吗？：我们创作一般是这样的，我们去到排练房，一般一开始可能不说什么话，先玩一下，我们玩的过程录下来，很多歌是从玩的过程中出来，玩到差不多有一点意识，把它存起来，隔了几天，再去丰富这个动机，丰富它的这个过程也是一个即兴的过程对吧？有时候我们排练房4个人，每人出个动机，比如阿茂先来，出个动机，他一弹，然后我们就跟着这个乐曲即兴，下一个，轮到贝斯手出动机，然后我们又跟着贝斯的律动，卷进他的框架里面玩，然后鼓手，最后是我，4个这样轮流，结束以后录起来，后来发现这个动机好，再把它抽出来。我们的歌很多，演出有将近一半的歌，每一场都不太一样，我们会在一个框架里面演，但是当中的收拢，可长可短，我这一场可能收2分钟，那一场收1分钟，还有收3分钟，包括阿茂的唱也可以临时改词。有点类似于你去听世界上经典的爵士乐，比如说《Summer time》，这首歌在历史上有无数个版本，每一个爵士音乐家也在即兴，在这个《Summer time》的框架里面，每个人弹的都不一样。我们希望在演奏中即兴，这样的话你每场演出都有不一样的东西，我喜欢这个，这样我可以享受这个舞台。但是有些歌是固定的，因为情感或是框架的限制，有时候旋律也是一种语言，你需要用这句语言，那这个旋律就稳定了，但有一些不是，需要自由，比如说我们现在自由聊天，我们也不知道你要问什么。：复活那场大家都没太听懂，你们当时唱的主要是什么内容？：就是唱那个关键词，游戏规则是这样，这刚好是我们的强项。其实每次我们都是在乱唱，包括我最早一个人在酒吧玩的时候，就会乱唱一些歌，就是拿起吉它，然后乱唱一些词。唱《Last dance》的时候我也临时改了一句词，有一句词叫做“明天我要离开”，我临时把它改成“今天我要回来”，阿茂都不知道。因为我觉得很应景，我们是被淘汰的，然后我们又再回来嘛。：是站在舞台的那一刹那想到的？：不，临上台的十几二十分钟嘛，我就想了一下，但我想没告诉阿茂，也想给他一个惊喜嘛，看他怎么接，还好他没有乱了套。：所以阿茂也习惯了是吗？：他也在改，你以为他是省油的灯？：现在怎么评价你们对这首歌改编的效果？：《Last dance》很多人翻唱过，但是他们基本都把伍佰唱成二百五，我们是在这个舞台上把它唱成一千的，真的。：好遗憾没在现场看。：以后你会看到这个视频，伍佰也会看到的，伍佰看到会说，啊，我以后不叫伍佰了，我叫一千。伍佰一定会很开心，演唱会会邀请我们参加，到时候叫他联系我们经纪人，档期如果允许的话。：讲讲这首歌的改编细节吧。：这首歌网上有很多翻唱，但改编的比较少，一些所谓的改编无非就是把配器改了一下，比如拿一个木吉它去弹唱，其实就是蹭了一个热度。我们这次很用心去改编了，总共排了前后5、6天，在广州排了4天，来北京之后加上管乐手又排了两天。这对于我们来说是不可思议的事情，因为我们巡演的时候十几二十首歌可能也就排个两三天，平常我们对于排练还是比较懒散的，因为有很多即兴的成分我们想保留在现场再去演绎。但是这首歌我都要听吐了，在改编的过程中，我们反复在听。：这一次鼓手特意选了音色比较复古的军鼓，还是选了一个德国产的，不知道什么牌子，这个鼓的音色本身是很低沉的，他把它调亮，就很有舞厅的感觉，而且这个鼓的律动也很酷，比如我唱的部分跟阿茂唱的部分律动不太一样。我跟阿茂的部分都很悲情，但鼓的律动形成了两个结构，贝斯弹得有点funky的感觉，然后鼓很RNB。但是这个我估计可能专业的人才能听得懂。首先我们尊重伍佰，也很喜欢伍佰，主旋律我们都保留了，我们认为好的东西，只会去超越它，而不是说做那种不必要的破坏。改编很容易把它改得面目全非，哗众取宠，但是如果音乐本身就好的，没必要做这个事情。：这次来没想过唱《阿珍爱上了阿强》吗？很多人因为这首歌认识了五条人。：本来要唱的，接下来就要唱这个了。我们都想好怎么编了，好牛逼的，不是开玩笑的。通过改编，我们会加入张亚东最喜欢的合成器，马东最喜欢的马头琴，周迅最喜欢的三角铁，绝对是一首真正意义上的杰作，列入史册的那种，可惜了，所以我说淘汰我们是节目组的遗憾。：你也说你们在音乐上总是变来变去的，所以你们在音乐风格上是刻意追求多变吗？：我跟阿茂很喜欢收集唱片，听过各种风格的音乐。但是呢，我们在做音乐的时候，肯定是要忘掉这个东西，就是我不是今天要尝试摇滚，明天要尝试民谣，不是这个意思，我觉得是一种fusion，要你把听的融合在里面，但是你做出来之后，别人可能会说这个像什么，这个偏摇滚一点，这个偏爵士一点，别人可以来评是什么，但是我们音乐在创作的时候，最好是先忘掉这些。：音乐上的变化更多是和你们的生活轨迹变化有关的是吗？：肯定的。阿茂现在有几千张唱片，无论是什么风格，他都有很好的唱片，你下一期可以专门采访他关于收藏的唱片，一张一张来做，可以做成一个系列。阿茂的唱片都是很好的，不是开玩笑，你现在不特意去找的话，也很难找到，因为现在网络平台的很多推荐都是垃圾，很多咖啡牛奶音乐，就是加了很多味精很多的音乐，但是真正好的音乐不是那样的。：现在网络上很容易听到音乐嘛，网易云你点开，就会有一个歌单出来，感觉都帮你安排好了，但像以前我们找音乐不是这样的，你必须通过耳朵一张一张去淘打口碟，去进货的地方是一座山那样的唱片，你要去淘，所以必须你要去听，一张一张去抽，我认为这个经历是很棒的，你把它抽出来，必须很快判断，去评价这张唱片厉害不厉害，所以那个时候我们就养成了收藏唱片的习惯。你在当时感觉到了，出来之后你就会反复去听，从第一首听到最后，不会像现在这样，太快了。：你们会关注现在这些都市里的普通年轻人吗？感觉过去更多还是在写边缘人物。：你关心的是生活的整体嘛，举个例子，我在疫情期间看了很多纪录片，有讲穷人的纪录片，也有讲富人的，还有看非洲关于穷人的纪录片、法国巴黎的流浪汉，还有那些很有钱的。你从作品体验来说你更关心这个或是那个，但是事实上你在日常生活中得到的信息是总体的，你更关心生活本身，当中就包含了你说的年轻人。谁都离不开生活的总体，没有一个人，又回到这个，没有一个人能离开生活本身。：你们歌里面很多都是通过一种讲故事的方式去呈现，有想要直接表达一些什么吗？：《我的头发就是这样被吹乱的啊》就是直接表达。：不是这种，是说表达一种态度之类的。仁科：这就是一种态度。：可以说你们写的情歌越来越多了吗？：有一些情歌，但肯定不是套路化的情歌，过往的套路化的情歌已经很多，你也听烦了，不如有一点不一样的。：情歌嘛，肯定离不开某个念念不忘的念头，你肯定会念念不忘某个女孩子，她有时出现在你的脑海，你就会想把这变成一首情歌嘛。我很年轻的时候写的《柔河里》，写给一个海丰姑娘，当时追那个女孩子追了很久，追不到嘛，所以就会有很多美好的回忆在你的头脑里面，后来就想把它给唱出来。但情歌也不是那么单一，爱这个字有时候可以很大。：有一句歌词太狠了，用四川话写的，“我的心是用来爱你还是用来恨你”。这是情歌的最高境界。：感情是很复杂的，它是融合、交叉在一起的，那句歌词太好了，“我的心是用来爱你还是用来恨你”。：你们在乐队里面算是非常高产的，五条人的发展一直都很平顺吗？没遇到过什么瓶颈？：何止平顺，简直是犹如踏入无人之境，哪吒踩着风火轮，风风火火，除了这次老是被淘汰，其它都是很好的，对吧？：你们从关注县城到关注都市生活，最近两年开始出国巡演，看到更大的世界，这会对你们的创作产生某种影响吗？：还是有的。比如我们第一次去巴西演出的时候在圣保罗，有300多个乐队，在7天内演完，每天有40多个地方同时演出。更有意思的是圣保罗中心有一条主要的路叫保利斯塔大道，那是一个金融中心，但是因为巴西人星期天不工作嘛，保利斯达大道就不通车，开放给很多街头艺人表演，我们在总赛区的时候看到了拉美街头艺人表演的能力。：那种感觉真的像一个博览会一样。：后来我们演完，当地有个地头蛇带我们去参观巴西三宝，我们去了一个全是拉美人的演出，里面都是混血儿、白人、黑人之类的。他们的演出几个小时不停，乐手会换，但音乐不停，一直演、演、演。：桑巴的魅力就是那一次感受到的，太酷了，那种当地人的热情是不一样的。：这个真的不得了，你从中就感受到，音乐在另外一个民族里面呈现的面貌是不一样的，这给你带来想象力。真不一样，真的，我都差点想上台了。：你不是在下面跳舞？：跳是肯定跳，我想上台唱歌，但是因为我看的太入迷了，就忘了。保利斯塔大道，你去搜一下，非常好，不是开玩笑的。：你觉得你们现在的听众主要是什么样的人？：玛丽莲·梦露那样的美女。开玩笑，什么人也有吧。我能意识到，来看我们演出的年轻人越来越多，因为有很多人通过摩登天空的APP买票，买票需要身份证的，我们就发现很多人是90后，甚至00后比80后还多很多。当然也有年纪很大的，但是比较少了。最搞笑的一次是在台北，我跟阿茂去演出，来了三个白发苍苍的老头看我们演出，因为要排队签售，他们一直在等着我们。他们本身就是海丰人，在台湾很多年，看到老乡，能讲一口很亲切的古老的海丰话，还拿出了他们惠州同乡会的卡片。：后来年轻的海丰人讲的话有一点点不一样了，但他们讲的很正。他们还让我们下次去台北找他们玩。我觉得那几个老人家可能很久没有开心过了。：你们觉得自己和十几年前没做乐队的时候比变化大吗？：其实抛开灵魂和记忆的话，从生物意义上来说，人每天都变，我们的皮肤不断脱落，某种意义上你已经不是20年前的那个物理结构了。肉体都不是以前的那个肉体了，你说这变化大不大？从记忆来说，你每天会接触各种信息，意识在不断更新，那种变化也是巨大的。但是核心的东西没变，起码我没变坏吧，阿茂也没变成一个中年油腻男，阿茂还是很帅。(责编：kita)
zongyi,孟佳回应晚会舞台镜头少：我真的上台了,2020-08-18 22:54:00,新浪娱乐讯 8月18日，孟佳与黄晓明、郁可唯、王霏霏、张含韵、沈梦辰、李斯丹妮一起在湖南卫视818晚会上带来《无价之姐》。因为舞台表演中人数太多，有粉丝表示没有找到孟佳的镜头。晚上，孟佳在微博晒出一张“公主落泪”的表情包回应，她表示：“我真的上台了。”
zongyi,李明轩因伤缺席超新星多项目 伏地魔尽显吃鸡实力,2020-08-18 16:57:00,在近日播出的《超新星运动会》直播赛中，演员赛区的李明轩本是多项比赛的奖牌有力竞争者，却由于篮球训练过程中不慎受伤而遗憾缺席，最终仅参加了和平精英积分赛这一个项目。尽管因为身体因素仅参加了吃鸡项目，李明轩仍然展现出了超强的实力，比赛过程中接连击杀三个“人头”，更是“辣手摧花”淘汰了隔壁队伍中的硬糖少女303成员郑乃馨。李明轩也因极具个人特色的“绿衣伏地”的吃鸡打法，被众多网友冠以“伏地魔”的称号，助力团队赢得胜利。在此前的团体拔河和男子武术预选赛中，李明轩也发挥优异。团体拔河中，演员赛区对战潮流赛区，演员队采用巧妙战略，先全体往下坐稳住不动，消耗对手七成体力后再发起猛烈进攻。李明轩肩负重任冲在拔河队伍之首，控制节奏，给予其他队员安全感，最终带领团队获得胜利，赢得了决赛资格。而作为去年第二届超新星运动会男子武术决赛亚军的他，在今年的武术预选赛中也不负众望，高难度的武术招式让人拍手叫绝。李明轩在证明其运动实力的同时也展现出了自己的搞笑天赋和social才能，比如预赛阶段的射箭比赛中，“嘴强王者”李明轩自信自己在射箭方面天赋异禀，看起来极为专业地分析其他选手的姿势、动作，却在轮到自己上场时频频失误，成为大家的开心果。同时他也通过自己极具亲和力的性格，结交了于小彤、刘帅良、周政杰、敖瑞鹏等一众新好友。在生活中，李明轩也是一个极其自律的人，能够经常在微博中看到他分享运动、健身的日常照片和vlog。不仅如此，李明轩还是一个富有爱心的人，去年中秋节期间，李明轩为特殊儿童亲手制作午餐并陪伴玩耍，给他们带去温暖。超新星运动会结束后，李明轩也马不停蹄地投入到了接下来的工作中。李明轩领衔主演（饰男一号墨冲）的电影《百慕大星际流浪者》刚于8月16日举办了开机仪式，以及此前拍摄完毕的电影《唐人街探案3》、电视剧《天涯客》也将尽快与观众见面。让我们共同期待演员李明轩在荧幕中的精彩表现吧！(责编：明侦探)
zongyi,“霸道总裁”王耀庆转战综艺:我是个另类的高富帅,2020-08-19 07:56:00,新快报讯 记者徐绍娜报道 代际互动观察类游戏综艺《元气满满的哥哥》正在湖南卫视热播，节目中胡军、吴奇隆、王耀庆以及杨洋、陈学冬等哥哥们分成两队，在游戏中“相爱相杀”。其中，以“霸道总裁”荧幕形象深入人心的王耀庆，在游戏中各种“呆萌”“掉线”。近日，王耀庆接受记者采访，笑言自己也是个“高富帅”：“音量高、富有活力，‘帅’是希望在残酷激烈的游戏中还能保持一点点的形象。”王耀庆在前两期节目中就已把自己之前高高在上的“高端商务人士”和“霸道总裁”形象毁了个彻底，贡献出很多的“名场面”。比如，在第一期的捉迷藏环节里，他全程“掉线”，在队友吴奇隆发现变装的黄明昊后，他还处在茫然之中，笑说：“真的蛮像的，所以他到底是不是啊？”逗趣反应令队友哭笑不得。第二期在李自健美术馆里又与吴奇隆一起上演原地“打滚”，一起“嘲讽”黄明昊，甚至还突然“降智”对着镜头“略略略”，之后更在雪场里把王彦霖追得满场跑，被评表现像极了孩子。对此，王耀庆表示：“每个男人心中都有一个小男孩儿，对于保有童心这件事，我认为更打动我的是，对所有的事情都充满好奇心。”在第三期节目中，王耀庆更加老谋深算，还钻了节目规则的空子，组织“耀庆商务群”把元气小哥们“虐”得团团转。面对“是不是欺负了元气小哥”的质疑时，他很老到地表示：“这个社会就是这样。”虽然虐小哥哥队毫不留情，但王耀庆在采访中也毫不掩饰对元气小哥们的喜爱：“我很喜欢杨洋的颜值，陈学冬特别聪明，多年的演艺经验让他特别有智慧，在游戏当中能赢过他不是容易的事情；王彦霖和王鹤棣腿长体力好，黄明昊年纪最小但有很多的想法，年轻人身上总有很多的闪光点。”王耀庆出演过不少经典的电视剧和舞台剧，但很少出现在综艺节目中。问到此次参与《元气满满的哥哥》的原因，他回应说：“我对自己没有任何的设定，我对新鲜的事物都很好奇。我之前没有参加过这类的节目，我也不知道在这个过程中会发生什么样的事情，主要还是很好奇。”《元气满满的哥哥》因节奏紧凑有趣、哥哥们各有个性和看点，播出后收获了一波好评。近年很多综艺节目、真人秀都会有剧本，对于《元气满满的哥哥》是否也有剧本的问题，王耀庆则直言不讳：“虽然有脚本，但是不表示我们会在里面寻找某种人设，或者为了营造出效果而达到某种设定。很感谢节目监制，在里面给我们很大的空间，让我们尽可能去尝试。”此次节目的核心是代际沟通，对此，王耀庆则表示：“我觉得代沟的形成是因为缺乏相互理解，如果能够站在别人的角度，有一个同理心，代沟就不存在。”(责编：kita)
zongyi,阿朵发长文谈复活赛 感慨一切都是最好的安排,2020-08-17 21:05:00,新浪娱乐讯 8月17日，阿朵在微博发长文谈复活赛，她夸赞了复活团的各位姐姐们，还表示大家是“互相成就，一切都是最好的安排。”她表示虽然这次赛制残酷，但是还是要感谢这个复活赛让每一个姐姐初舞台后，再有了一次个人Solo的机会，所以大家才能看到这样一个精彩的呈现。“这江湖没什么了不起，也就酒还行…”阿朵全文：谢谢所有支持乘风破浪姐姐的场内外的浪花及观众朋友~重新再回来踏浪，跟所有姐姐们集体见面今天中午加更的afterparty，导演组希望我在整个谈话当中串词，去激发每一个姐姐能够说出他们的故事，这应该是我到这个节目之后说话最多一次，让有的人感觉我这次回来变了。之前很多人说阿朵太佛系了，参加乘风破浪的姐姐不像是在比赛，其实我想说，一直到第二次公演被淘汰，我都没有觉得这是一个比赛，是淘汰后才慢慢回过味来。复活名单确定以后，我们七个人要先碰一面，那天我印象特别深，我走到集结的地方发现一个人没有还有点纳闷，然后梦辰和佳佳就从旁边冲出来，边吓我边给了我一个大大的拥抱，佳佳说“这是回归仪式”，我们以拥抱欢迎每一个复活的姐姐，我喜欢这种仪式感，一下子又把我拉回到了和姐姐们在一起的这种友爱的氛围里，这一次，我们都不是一个人在奋斗，是七个姐姐同时有备而来。我们是为爱我们的人、信任我们的人、期待我们的人而活，我们都是乘风破浪的姐姐，但是这一次我也是复活团的大姐姐，如何“死而复燃”，是一场极限挑战，我觉得我必须担当起来，因为这几年不管是作为舞台上的秀导，还是作为一个创业的leader，从我的年龄和经验来说都已经有了充分的准备去迎接这个挑战，我把这次当复活联盟的队长作为我的功课，因为6位小姐姐们对我的信任更是让我信心大增，我好爱这几个可爱的姑娘。其实我从小到大当队长的经历不少，十五六岁到部队从军我就是做队长的，后来从部队出来成立团队也是自己做主，可以说我每个阶段都有不同leader的经验，这些年来，我认为一个好的leader就是要尽力为团队服务，无论是大家业务的成长，还是为心灵及精神上的需要提供帮助，参加复活赛之前我们就猜到一定会有非常残酷严苛的赛制，那么作为复活团，我们至少要付出加倍的努力才可能和台上的姐姐们抗衡，因为她们一直是在这个比赛的状态当中，经过了几个月，无论是舞台驾驭能力还是唱跳能力，每个人都锻炼的越来越强，复活团的姐姐们离开一段时间后，从各个城市各自的工作生活当中重新再拉回来找做女团的状态。我的心态就是如何在短期内帮助整个“复活者联盟”逆风翻盘，我对我们复活团的姐姐们是有信心的，她们每一个人都很有实力，而且都各自具有自己的特色，作为队长其实就是要想如何让她们在有一个好心态的情况下，把自己的实力和特点能够施展出来，把个人及团体表演做到最好，尽量让每一个人都不留遗憾。想要赢就不能打没准备的仗，所以当我知道复活名单之后就已经开始思考，三天前的复活solo舞台，我相信大家都已经看到整个复活团的姐姐们，她们真的非常优秀，每一个人都体现了自己这次回来想要传达的信念。两组冠军团的姐姐们的实力大家有目共睹，和她们battle想要取胜是一个非常棘手的挑战，所以战略就很重要，尤其是出场顺序。沈梦辰：她整个舞蹈及舞美的设计和个人的舞台魅力表现，从唱跳形象及观众缘全方面来讲她都是很稳适合打头阵，第一轮要赢，因为影响着整个团队接下来的信心，她把女团唱跳综合能力展现出来，事实证明她做到了！孟佳：是我们复活团的一枚小钢炮，实力舞蹈担当，台上炸场子，台下热场子，我们复活团能给炸翻全场绝对少不了这枚小钢炮。什么时候需要炸就佳佳上。吴昕：这次的solo show给了我们很大的惊喜，首先她这次回来的心态非常的放松，有着一种嘉宾返场的状态，人在特别放松的时候反而会有很多意想不到的表现力和潜力，而且她在两位静姐直视下，她仍然散发出一种超脱的感动和力量。金莎：这次回来其实变化挺大的，因为她想打破过去大家心目当中甜美的形象，所以她选择了《独上C楼》这首歌，想要把自己成熟女人味的一面展示出来，这个决定是有风险的，但是我们都支持她想要突破自我的勇气，乘风破浪的舞台，不就一直是在传达这种突破自我的勇气的精神吗？莎莎这次的勇敢突破也是这个舞台精神面貌的展示。朱婧汐：作为一个成熟的音乐制作人，第一次公演一首慢歌就被淘汰了，其实还没有把实力及自己的音乐特色好好的展示出来，那么她这次也是有备而来，当我看到她的solo秀的时候，我就知道她会是在复活团中别人想不到的一个惊喜，这样的惊喜就要留到中间，等大家看完了前面的几轮歌舞表演之后，婧汐的硬核甜心就会让大家眼前一亮王智：因为这次她选的歌是她的代表BGM，以她电影里《夏洛特烦恼》的经典形象出场来一波“回忆杀”，一下子就能勾起大家脑海中的记忆，我所理解的，对于王智来说，是一个她想要从影视延伸到舞台表演的艺术转化，是要来姐姐舞台完成她的梦。选歌的时候还有一个小插曲，我本来的选择不是《缘分一道桥》，因为这首歌词曲及演唱上可以创新的空间不大，我想在选曲上做一些创新，我和我们湘西妹子梦辰不约而同都看中了《屋顶着火》，我曾经在《死里复活》里写到过“我的房子着了火，你顺火光找到我”，为了宣传新民族音乐的私心，我打算把这首歌和自己的原创融合在一起，但是被调皮的梦辰一顿亲后就有了这次的《缘分一道桥》SOLO表演，《缘分一道桥》我表演复活solo秀，带斗笠，穿长袍，我拿的不是话筒，而是一壶烈酒，再现江湖。就这样，让“你们”顺着火光找到了“我们”，我们“复活者联盟”是互相成就，一切都是最好的安排。虽然这次赛制残酷，但是还是要感谢这个复活赛让每一个姐姐初舞台后，再有了一次个人Solo的机会，所以大家才能看到这样一个精彩的呈现。我开始找回二十多年前唱跳舞台的感觉，不过心态上是不一样的。锐意进取是一种能力，我展现过；舍得放下是一种境界，我修炼过；现如今这个阶段，我的功课不仅要有放下的境界，还要把进取的能力同时展示出来，因为这场复活赛确实是在比赛、在竞技，所有的姐姐们多多少少也都有变化，我们正在以一种全新的姿态，来迎接这一场硬仗。退出，回归，新生，重回江湖只是第一步，我想要做一颗新民族音乐的种子，在这片土地生根发芽，沐浴阳光、历经风雨，终有一天，这里会成为一片大草原，然后继续向远方蔓延。我这次回来，有的朋友们和观众们调侃说我变了，但是我想说的是，我并没有变，每个人都是一个多面体，只我们在有不同需要的时候，就会呈现不同的状态，就像我在节目里说过，我们可以为了爱放下，我们也可以为了爱去战斗，只不过要看在什么样的情况下，调成哪一个频道，我已四十而骊了，不会忘了自己是谁，我也会坚定着自己的方向。套用一句话：这江湖没什么了不起，也就酒还行…关于团战发生的故事我们下周再说。
zongyi,开撕?疑似黄圣依经纪人点赞质疑《浪姐》赛制微博,2020-08-17 18:48:00,新浪娱乐讯 8月17日，播出加更内容，有网友发现，微博认证为黄圣依经纪人的“解雯晴”账号点赞了一条质疑《乘风破浪的姐姐》复活挑战赛赛制的微博，该微博文案写道：“复活挑战赛就是为了把赢了的黄圣依给淘汰了”，引发网友热议。随后，该账号取消了点赞。
zongyi,于小彤发文回应射箭失误：对不起让大家失望啦,2020-08-16 15:34:00,新浪娱乐讯 在《超新星全运会》1/4决赛中，去年的射箭冠军于小彤出现失误，惜败给了木子洋。比赛结束后于小彤也发了微博：“我再贴几条像不像个木乃伊哈哈哈，对不起让大家失望啦…我们江湖再见哦！”于小彤配上的照片应该是这段时间他努力训练的结果，后背贴了很多胶带，还在自己的后脑勺贴上了“好烦”二字，看来对于自己的淘汰，他自己也很懊恼。网友也纷纷安慰他：“没有失望哦！你在我们心里最最最最棒！”“要好好照顾自己啊！你最棒了”（砂糖桃子/文）(责编：麦子七)
zongyi,元气满满的哥哥们同框合照 胡军：这个家庭有点大,2020-08-16 23:52:00,新浪娱乐讯 8月15日，湖南卫视知名制作人夏青在微博晒出《元气满满的哥哥》 合照，她发文写道：“胡军、杨洋，还有蔡国庆老师、隆哥、舅舅、嘉爷、彦霖、棣棣和小贾，今天翻微博发现陈学冬晒出了前天晚上你们这张合影，好吧~瞬间把我拉回到了那天晚上在机房看你们你们吃饭聊天时自己尴尬憋笑的情境，嗯，男人致死是少年！说的就是你们这群大老爷们儿和小屁孩的奇妙组合啦。”“太喜欢看到你们每次酣畅淋漓玩完游戏之后的尽情欢聚了，只可惜有些话题太过纯爷们儿，我这个都可以做奶奶年龄的女人，也只能尬笑着提前逃离现场。不过，看到你们在一起越来越像一家人的感觉真的好开心。”照片中，胡军、杨洋、蔡国庆、吴奇隆、王耀庆、胡军、李维嘉、陈学冬、王彦霖、王鹤棣和黄明昊同框自拍。8月16日，胡军转发了微博，并发文称：“这个家庭有点儿大，谢谢耀庆牺牲自己的大脸拍的照片。”
zongyi,《新说唱》张靓颖回应歌词暗讽：不要对号入座,2020-08-16 10:21:00,新浪娱乐讯 8月15日，《中国新说唱2020》开启“全民搞哈团”首播探班会，活动现场，“元老制作人”吴亦凡潘玮柏二人升级为老板现场拼资源，为自己厂牌抢人；张靓颖面对媒体犀利问题全程正面刚；GAI周延谈及自己对流量和如“南水北giao”等网络红人态度改变时，直言：别用出身定义一个人，四位主理人为抢RapStar全程互呛笑料不断。此外，发布会上，爱奇艺高级副总裁、《中国新说唱2020》总监制陈伟；爱奇艺副总裁、《中国新说唱2020》总制片人车澈；《中国新说唱2020》总导演顾超峰也就今年节目肩负为选手及行业造梦使命、节目升级等内容做出具体阐述。随着《中国新说唱2020》开播迅速攻占全网各大榜单高位，8月15日，节目组“趁热打铁”开启“全民搞哈团”线下探班会，活动现场吴亦凡、潘玮柏、张靓颖、GAI周延四位主理人就今年升级为厂牌主理人，分享了自己的厂牌态度、风格及对于SSR的评判标准，并于现场为各出“奇招”为厂牌拉票。吴亦凡潘玮柏两位老朋友现场化身老板，狂秀肌肉为自己厂牌疯狂抢人：被网友称为“见缝插哈”第一人的吴亦凡不负众望，现场手持“哈”字扇子频频输出自己的厂牌选人标准，表示想进自己的厂牌也不难，主要是“搞哈需要有缘人”。而在随刻加时赛环节中完成海选选人的潘玮柏，则表示因为自己长得比较“圆”所以是“福气柏”，会给自己厂牌的人带来福气，同时还爆料了自己当年免费为VAVA做“代理经纪”的往事，秀了一波自己的厂牌福利。另一边“姐范儿”张靓颖碰上“江湖气”的GAI周延则让现场火星四溅，媒体群访环节张靓颖的全程刚正面更是刺激度堪比第一期正片。谈及之前Cypher中犀利的歌词是否有所指，张靓颖一句“是行业现象，你一听都就懂了，说明我们产生共情了，大家不要对号入座！”霸气十足。首播当晚因为“GAI给giao第二次机会”冲上热搜首位的GAI周延则被媒体顺理成章的问及对RapStar的评判标准，GAI周延先是自信满满一句“至少得像我一样吧！”引得全场惊呼。谈及对“南水北giao”这类网红艺人参加说唱的态度时，GAI周延坦言：说唱没有标准，你开口就是标准，只要你开口说，你就是你自己的RapStar。当被网友问及这几年对于流量、网红艺人的转变时，GAI周延则表示：说实话，我之前没有这样的朋友，不了解他们，但是每个背后的努力其实你是看不到的，不要用出身去定义一个人。新一季节目中，《中国新说唱2020》面临全新的破局点，明星制作人全面升级为厂牌主理人挖掘新生代说唱歌手，对此，爱奇艺高级副总裁陈伟及总制片人车澈分别在发布会上表示：新说唱是一个具有里程碑式价值的IP，是第一次把圈层文化用内容人的力量推向大众舞台，向年轻人诠释什么是潮流，什么是年轻人喜欢的青年文化。在近几年的海选中，很多选手会不约而同地说是受到了2017年的影响，爱上了说唱文化，然后和朋友一起去努力、学习并最终来到了这个舞台，因节目对年轻人造成的影响和改变才是说唱文化的最大魅力。今年《中国新说唱2020》将继续推动改变中国潮流文化业态，让整个青年文化、潮流文化继续变得不一样。想成为一个RapStar，选手不仅要具备实力，更要具备足够的个人魅力以及商业价值，才是节目组真正要找的SSR。为打造专属华语说唱的RapStar，给华语说唱产业注入更多的延展空间及新的生命力，节目在形式、赛制、舞美甚至追综、互动模式等方面皆有所突破。今年《中国新说唱2020》联合各大平台、商业、厂牌等业界重磅资源合力打造华语说唱的RapStar。总制片人车澈表示：今年节目结束之后，会投入非常多的资源，包括和顶级说唱艺人合作，并动用国内、海外的资源给RapStar，做到真正打开圈层，促进华语说唱登上国际舞台，让说唱歌手有更多更好的发展空间。为激发选手战斗欲，节目组在舞美方面可谓用心良苦，在原有舞台元素基础上，以“造梦工厂”为主题在今年的视觉中加入货运车、火车轨道、升降集装箱、燃油桶堆积，炫酷探照灯光等硬核工业设计风格，通过舞台效果保驾护航，为选手提供更多展示自己的机会。随着节目播出及搞哈团的成立，还有哪些未解锁的惊喜呢？让我们一同期待每周五晚8点准时播出的《中国新说唱2020》吧。(责编：哈哈大王)
zongyi,吴昕舞蹈实力获认可 本人回应：我很骄傲也很感恩,2020-08-14 14:17:00,新浪娱乐讯 14日，吴昕在《乘风破浪的姐姐》复活赛中，带来彩带舞与高难度地板动作，舞蹈实力引发热议。随后吴昕在微博发文回应：“没想到有一天我的名字会关联这个词条，我很骄傲也很感恩，你们努力把我投回来了，我必全力以赴，把忠于自己的舞台表演给你们”。网友看完吴昕solo舞台也忍不住感叹：“昕昕子好励志”、“莫名有点感动”、“吴昕真的成长了好多”。(责编：烩饭)
zongyi,林小宅宣布不参加《超新星》直播比赛 因行程冲突,2020-08-14 11:56:00,新浪娱乐讯 14日，林小宅晒照宣布将不参加《超新星运动会》直播比赛，并称：“很抱歉因为工作行程冲突，不能按时出现在超新星运动会14日、15日的直播比赛中。私下练习了很久的比赛项目没办法展现在大家面前，还是有一点小遗憾的。在此感谢超新星工作人员的辛苦付出和粉丝们的支持，希望下一次我能不负约定。潮流赛区的队友们，请继续努力冲冲冲，8月16日我会在直播现场为你们加油打气的，等我！”(责编：烩饭)
zongyi,江映蓉辟谣参加《中国好声音》：瓜好吃吗？,2020-08-13 11:46:00,新浪娱乐讯 8月13日，江映蓉在微博辟谣参加《中国好声音》传闻，并称：“这两天瓜好吃吗？前几天“我”在参加好声音？昨天我又被“推到”？”，还配上自己嘻哈范的表情包回应超飒。据悉，近日有网友爆料09年《快乐女声》冠军江映蓉将参加好声音，随后更有网友还爆出其过往绯闻引发热议。(责编：烩饭)
zongyi,罗PD新综艺遭遇滑铁卢收视砍半 原因:无核心卖点,2020-08-13 09:18:00,新浪娱乐讯 韩国王牌制作人罗英锡（罗PD）近期推出了最新综艺节目《暑假》，找来演员郑有美及崔宇植一同出游，两人“现实姐弟”般的互动，受到不少观众的喜爱。然而节目目前播出4集，收视率却从原先的4.9%跌至2.5%，足足少了一大半，而韩媒也分析了其中的原因，直言“没有核心卖点”。根据韩媒《Sports Today》报导，罗PD所制作的节目大部份都受到观众的喜爱，却也一直有着“自我复制”的质疑，虽然一直有着指责，但观众依然买单的最大原因就是每一个节目都有各自的“核心卖点” ，例如《三时三餐》系列重点是自给自足，《尹食堂》则是餐饮生意，且各自有车胜元、李瑞镇等擅长掌控节目整体步调的出演者，可谓是节目的灵魂人物。然而《暑假》却无明确卖点，也没有掌控节目节奏的出演者，虽然“在乡村休息，疗愈身心”为主旨，但却遭不少观众批评郑有美、崔宇植展现的日常相当枯燥乏味，即使“疗愈”是节目的重点，某种程度上依然需要趣味，节目整体没有明确的素材，且只有“日常生活”，对观众而言便容易失去兴致。此外，之前《暑假》也曾在开播时因“日式色彩浓厚”、抄袭日本游戏等引起争议，虽然制作单位立刻就出面声明，调整拍摄地的装潢，并驳斥了抄袭说法，止血的效果却依然有限。7日播出的最新一集收视率掉至2.5%，接下来的嘉宾为演员李善均以及朴喜洵，吸引了不少人的期待，能为节目带来多大的加分效果也受到瞩目。ETtoday/文(责编：肉圆)
zongyi,心连心公益直播走进凉山州 辛巴朱迅带货助农扶贫,2020-08-12 16:01:00,心连心不负韶华共圆小康梦，手牵手脱贫攻坚共赴幸福生活。在2020年这个特殊的时间节点，中央广播电视总台推出全新的“2020‘我们的中国梦’文化进万家‘心连心’慰问演出”活动，本次活动走进四川省凉山州喜德县。8月11日晚19：00，“心连心系列公益带货直播”作为活动的第一场，先声夺人开启“凉山州喜德县助农专场”。当晚，总台主持人朱迅联手主播辛巴，与歌手刘惜君，演员海陆、佘诗曼共同直播带货喜德特产、凉山好物、精品食材等十款产品。当晚，朱迅辛巴同台热情互动，共同推荐当地特色产品。大凉山核桃、农家腊肉、大凉山会理石榴。。。。。。众多好物让人垂涎欲滴，朱迅当场表示“一天没吃饭等的就是今晚的美食”。二人在直播间里进行了学彝族语言、比拼绕口令等互动。随后海陆加入直播间分享农家腊鸡等好物，还现场传授“吃鸡瘦身秘方”，直播间也变成大型“吃鸡现场”。刚参加节目归来的海陆还在直播间教跳网红舞蹈《无价之姐》，辛巴学跳时直呼“顺拐了”引发阵阵笑声，朱迅则学习得有模有样，颇有姐姐的“架势”。同时三人也寄语凉山州的发展：“希望大凉山的产品都能够乘风破浪走向全国各地”。歌手刘惜君来到直播间并现场演唱《我很快乐》《万水千山总是情》，沉稳的演唱功力惊艳众人。伴随着动听的歌声，朱迅也抒发了她的感受：“就像刘惜君唱的歌一样，大家都不要小看大凉山，没有什么是熬不过的，当地的脱贫攻坚、决战决胜一定会胜利”。之后，佘诗曼也惊喜地出现在直播间，与网友共同分享好物。最后她倾情寄语凉山州“通过大家的共同努力，希望当地发展得越来越好”。一个多小时的直播结束后，产品销量喜人，一晚的总销量超过72万，总销售金额突破2500万元。多款产品均突破计划供应量，以“凯特芒果”为例，本计划推出数万箱，但在网友的热情下单氛围下，辛巴屡次提升预售供应量，最后销量在短时间内突破了30万。凯特芒果、大凉山核桃的供应商均来到直播间，面对惊人销量笑逐颜开，纷纷笑称“把隔壁村的产品都凑起来也发不了那么多啊”。这次公益直播带货，拓展了当地人民的创收新思路，也极大地带动了农产品的增产增收。可以说，直播带货聚焦当地历史与经济社会发展情况，以“直播带货”这种新兴模式为当地脱贫攻坚贡献了力量。2020年是全面建成小康社会决胜之年、实施“十三五”规划收官之年、脱贫攻坚决战之年。受制于历史、交通、语言和经济发展水平等各类因素，尽管拥有绝美的自然风光，四川省凉山州却难以摆脱贫困的阴影，喜德县就是7个贫困县之一，同时也是中央广播电视总台组建后第一个定点帮扶县。此次公益直播带货便是定点帮扶助农惠农之举。在公益直播带货期间，几位“直播带货员”针对如何“健康扶贫、推动可持续发展”深有感悟。主播辛巴在直播中表示：“当下的互联网时代让大家接收信息变得更便捷，因此我也希望大家能够多关注大凉山，有更多人的关注大凉山才会有更好的发展，我真心希望通过我们的直播宣传，能有更多的企业将技术带到当地，来为推动当地脱贫摘帽作出贡献”，在直播结束后还表态“还要再来”。总台主持人朱迅惊叹于当地“拥有太多好吃的食品、好看的景色”，还活学活用彝族语言，表达了对当地的美好祝愿：“大凉山其实遇到的产品销路的问题都是因为宣传不够，但是当地的产品真的‘瓦吉瓦’（好极了），当地的人民也‘瓦吉瓦’，我希望大家都能为助力脱贫攻坚出一份力，全面建成小康的路上一个都不能少，都要生活‘瓦吉瓦’”。聚焦深度扶贫，攻克艰难共向前。“心连心系列公益带货直播”深入推进扶贫助农，进一步鼓舞了人心、凝聚了共识、提振了士气。接下来，“心连心系列公益带货直播”还将走进更多地方，邀请更多知名主播以及文艺工作者来推动内容升级、促进农副产品销量提升。我们坚信“脱贫攻坚的最后一公里”必能在互帮互助、携手前行中走完，每一个人都会生活得“瓦吉瓦”，对未来更加充满期待！(责编：哈哈大王)
zongyi,金曲新唱群星闪耀 《唱过夏天》第二期精彩继续,2020-08-12 12:07:00,音乐不停，律动不息。8月11日晚21：00，中央广播电视总台文艺节目中心推出的《唱过夏天——2020流行音乐大型演唱会》继续在CCTV-3、 CCTV-15、央广音乐之声、央视频、央视网等平台激情开唱。在第一期播出之后，当晚通过央视网多终端观看人数达39.5万人，观看次数为68.8万次；包括央视文艺、央视频在内的频道直播累计观看人次总计1100万；而竖屏直拍的观看量达39万，互动评论量超过7万。没有主持人、纯享音乐的现场回归音乐本身，现场大屏和互联网技术，实现了与听众的实时反馈与互动。“如今已经很难得见到的全开麦音乐现场，歌手都很稳，厉害！”“现场Live好评，感觉没有听够”，《唱过夏天》一经播出就掀起了讨论的热潮，在微博相关话题的阅读量破亿，广受好评。当晚，来自北京的对角巷乐队用一首《想说却还没说的》治愈开唱。绚丽的舞台、暖黄的灯光、主唱和缓的音色配合着温柔的和弦，即使是隔着屏幕，也能将暖意随音乐流进听众的心里。随后对角巷乐队演唱两首歌曲《列车》《Tonight》，用充满现实意味的歌词、独特的英式摇滚浪漫，让我们沉浸在唱过夏天的音乐纯享舞台中。《唱过夏天》双舞台的搭建让音乐现场没有丝毫停歇，紧接着的一束追光之下，高进抱着一把吉他开始弹唱《怀念青春》，带观众走进了他的音乐世界里。“因为我刚好遇见你，留下足迹才美丽”，当熟悉的旋律响起，高进用《刚好遇见你》与《下雪哈尔滨》两首歌，将现场的气氛逐渐推向了高潮，与听众一起实现了台下与云端的联动大合唱。一阵热情的欢呼尖叫声之后，任贤齐的出场唤起了许多人的青春回忆。他用乐队演奏版《还有我》和《想你啦》的音乐现场，向粉丝与听众深情告白。演唱过程中他与乐手之间进行紧密的眼神交流与互动，举手投足之中都释放着音乐的魅力，出道已经30年的任贤齐让时间停驻在了美妙的音乐时刻。受到任贤齐的邀请，年轻的创作歌手宋秉洋走到舞台前，与任贤齐一起动情合唱了《浪花一朵朵》与《我是一只鱼》，欢快的旋律将快乐透过屏幕散播开来。在《唱过夏天》这个舞台上，年轻歌手与乐队的加入让熟悉怀旧的旋律呈现出新的色彩。合唱过后，具有中国风特色的伴奏响起，郑云龙一袭西装登场，吟唱着歌曲《莫失莫忘》，缠绵悠扬的歌声环绕着整个现场。随后的一曲《你的微笑》，富有感染力的歌声让所有人的嘴角在不经意间向上扬起。“最后一首歌，《不会成真的梦》，选自音乐剧《堂吉诃德》。”简短的介绍后，郑云龙一改上首歌的流行唱法，开始进行音乐剧式的歌曲演绎，可谓是真正地“声入人心”。还在回味郑云龙的歌声之时，音乐伴奏的鼓点渐强，郭聪明唱着《你会遇见更好的人》出现在舞台中央，具有爆发力的歌声冲破屏幕向听众们送去最美好的祝愿。最后登场的野孩子乐队首先在现场演奏了《红河谷》，这首歌将民歌与现代音乐完美结合在一起，温柔的诗意如一阵微风吹拂着唱夏的舞台，带来一丝清凉。“天苍苍，野茫茫，风吹草低见牛羊”，在吟诗式的独白之后，野孩子乐队接着带来了一首《敕勒川》。这支来自西北的乐队用民谣将草原的苍茫淋漓尽致地展现出来，吟唱了来自黄土高原的那份茂盛的生机。在节目的最后，野孩子用《啊朋友再见》为这一场音乐宴席做了一个完美的收尾，令人意犹未尽。这一场酣畅淋漓的流行演唱会，通过现场直播，采用“线上线下+大屏小屏”的互动形式，让音乐纯享成为可能，让世界更动听，也让内心更安静。今晚21：00，胡德夫、梁咏琪、常石磊、金莎、马赛克乐队、果味VC、小娟与山谷里的居民将相聚带来更多精彩。“民谣之父”胡德夫的登场会带来怎样的经典现场？金莎将如何在舞台上用歌声“乘风破浪”？马赛克乐队又会用怎样的表现燃炸现场？锁定CCTV-3、 CCTV-15、央广音乐之声、央视频、央视网，让我们共同期待这场音乐盛会，一起唱响一“夏”！(责编：哈哈大王)
zongyi,东方神起郑允浩《发明王》开播 用发明解决不便,2020-08-11 16:17:00,新浪娱乐讯 东方神起成员郑允浩出演的网络真人秀《发明王》将于今天正式开播。《发明王》是郑允浩出道后首次一个人出演网络真人秀，他在节目中将接受人们的委托，通过发明创造来解决日常生活中的各种不便。《发明王》将在每周二下午6点30分发布最新一期。吕东垠/文 版权所有Mydaily禁止转载(责编：肉圆)
zongyi,《唱过夏天》拉开音乐狂欢 歌手王源找回音乐初心,2020-08-11 15:46:00,夏日末梢，让音乐捎来一份清凉。8月10日晚21：00，中央广播电视总台文艺节目中心推出的《唱过夏天——2020流行音乐大型演唱会》在CCTV-3、 CCTV-15、央广音乐之声、央视频、央视网等平台正式开唱。多音乐类型混搭打破了音乐圈层；环形场景搭建、双舞台设置十分吸引眼球；现场直播云连线远程联动，实时反馈观众对音乐的感受。第一期节目播出后，有网友在新媒体评论区留言称：“感谢央视让我们看到了一场真演唱、真直播的演唱会，太久没有听过这样的纯live，今天真是有亲临现场的感觉”。当晚，“清新摇滚乐”最佳代表旅行团乐队上场，以一首《逝去的歌》拉开夏日音乐狂欢的序幕。暖橘色灯光下，旅行团乐队温暖治愈的嗓音让观众沉入温柔的音乐海洋。演唱《奔跑在孤傲的路上》、《永远都会在》让乐队还收获了一波“颜粉”，观众隔屏直呼主唱孔阳“好帅”。在浪漫和现实之间，旅行团乐队就像一个专属夏天的清新符号，用歌声给所有观众带来了新的希望。而一出道就被称为“音乐精灵”的苏运莹，则用《生活倒影》把现场清新感怀的氛围推到了高潮。一身黑色裙装的她像个暗夜精灵，现场音乐风格十分百变：《忧伤少年和阳光女孩》节奏轻快，《徒步》则深情美好。苏运莹用她独有的、不受定义的风格，在流行音乐中创作出了独一无二的味道。前段时间，南方汛情牵动着每个中国人的心。苏运莹在演唱《徒步》时，抗洪救灾的画面出现在屏上，那句“让变强壮的身影救赎唯诺”成了所有人心底的宣言。伴随着充满力量的歌声，人民子弟兵的英雄本色震撼人心，诠释了军人的使命担当。如果说苏运莹用音乐告诉所有人音乐就是自由，那么萧敬腾则用老牌情歌告诉观众音乐也可以用来感怀青春。《让我为你唱情歌》、《只能想念你》一响起，当独特的声线隔屏传到观众耳里，观众纷纷直呼“爷青回”，可见音乐的影响力。但青春不止萧敬腾，当晚韩雪变身“仙女”，穿着白色裙装唱起当年为她度身定制的《飘雪》，略带悲情的嗓音有穿透人心的力量。《想起》和《狂想的旅程》更是尽显她婉转的曲风。在听完众多流行歌曲之后，“二字弟弟”王源还未开唱就引发了无数期待。以歌手身份营业的他带来一首展现他成长历程的《四百击》。在这个琉璃般闪亮的盛夏，少年王源用薄荷音融合抒情摇滚，用音乐告诉了观众他远不止《四百击》的四百种可能。而被老狼誉为“奇女”的民谣先声张浅潜，一出场就带观众穿越到民谣的时空里：《花语》、《爱的港湾》、《逆风的玫瑰》、《星月之河》的孤独感中有洒脱感，在深蓝色和紫色灯光的映照下，张浅潜用音乐寄托着她的思绪，让观众找到了心灵停靠的港湾。摇滚、民谣、流行，正是各种不同类型的音乐荟萃在《唱过夏天》的舞台上，让现场成为了一场真正的音乐盛宴。七天现场直播、七天现场真唱的形式让世界更动听，也让内心更安静。在8月11日晚21：00的现场直播中，任贤齐、高进、对角巷乐队、野孩子乐队等众多歌手、乐队将带来更多惊喜，任贤齐是否会再唱成名曲？郑云龙会演绎怎样的歌曲风格？野孩子乐队又将带来怎样的舞台？8月10日到8月16日，每晚21：00，锁定CCTV-3、 CCTV-15、央广音乐之声、央视频、央视网，看现场直播live，一起感受音乐真正的魅力！(责编：明侦探)
zongyi,李宇春加盟《好声音》 谢霆锋调侃用好吃的抢学员,2020-08-11 12:29:00,新浪娱乐讯 8月10号，《2020中国好声音》发布会顺利举行。发布会上，导师李宇春、李荣浩、谢霆锋、李健悉数亮相现场，大谈选人标准以及对原创音乐的各自理解。在李宇春之前，好声音有两位女导师都带出了冠军，对于是否能带出冠军学员，李宇春表示，尽力就好。采访中，三位有录制经验的导师也一致坦言，称李宇春会是很好的导师。当问及抢不到学员怎么办，谢霆锋玩笑道，那就做好吃的馋其他导师。发布会上，四位导师透露选人标准，李荣浩表示，第一感觉最重要。李宇春也附和道，看重主观的感受。李健表示，音乐是善意的表达，会选择能打动自己的。谢霆锋则坦言，希望可以找一些在未来几年可以代表华语乐坛的声音。众所周知，李荣浩的专辑制作很多都是自己亲历亲为，对于主持人“不让别人赚钱”的调侃，李荣浩笑道，没有，印刷我不行。不仅如此，李健还透露道，自己的新专辑里会有15首歌曲，请大家多多期待。据悉，此次好声音新增原创音乐赛道，提及原创音乐李健表示，原创是最珍贵的，李宇春表示，自己也是从开始翻唱别人的歌曲再到自己创作，也很期待其他选手的音乐。谢霆锋坦言，原创是音乐的最根本，现在音乐的创作的门槛比原来的低很多，之前自己都会随身带着录音笔，有灵感就赶紧录下来。游戏环节中，当三位导师用李宇春的名字哼出《无价之姐》曲调后，李宇春一脸茫然表示自己没听出这首歌的曲调。随后李宇春马上“回赠”了一首李荣浩名字唱的李荣浩的歌，赢得其他三位导师一致赞赏。采访中，当问及李宇春之前两位女导师都带出了冠军，对此有什么期待时，李宇春表示，这样说压力很大，尽力就好，其实更多期待是音乐的多元性和原创音乐的呈现。当问及李荣浩是否有信心连任冠军导师，李荣浩表示，我们只是辅助，学员们才是主力，希望自己可以帮助他们选到好的歌。当问及谢霆锋对带出冠军学员有何策略方向，谢霆锋调侃，不方便透露，其实说不准，我们还没碰见所有学员。谢霆锋作为歌手中比较会做菜的厨师，至于有没有给其他导师开小灶的打算，谢霆锋表示这是战略之一，抢学员时候抢不过其他导师就“馋”他们。李健附和，终于能吃到了，以前只能闻到味道。当谈及第一次在好声音担当导师的李宇春表现如何？三位有着参加好声音录制的导师一致坦言：李宇春会是很好的导师。李健说道，下午录制的时候春春一下子就进入状态了。李荣浩也夸道，春春是我的前辈，其实她在电子音乐方面很强，希望我能学到一些东西。谢霆锋直言，很久没和春春合作了，期待再次合作。对于网友调侃李健“段子手”，李健表示，这个节目让我学会了点评，要趣味横生，还要照顾选手的自尊心，对于歌手来说很难，所以我被好声音锻炼出来了，其实有时候说一些玩笑话只是想让学员放松下来，李荣浩在旁调侃，不要把你的唠叨用华丽的外衣包装起来。（奋斗乌托邦/文）(责编：明侦探)
zongyi,《密逃》官微回应杨幂粉丝诉求 重新斟酌每个镜头,2020-08-11 00:08:00,新浪娱乐讯 8月10日，《密室大逃脱》官微发文回应杨幂粉丝诉求，称：“《密室大逃脱》第二季的成员们用他们的智慧和团结彰显了无惧艰险勇往直前的榜样精神，让很多人爱上了这个节目，也让更多人认识了本桃。正因如此，近期因节目内容调整而产生了一些误会，本桃感到十分内疚。为了弥补大家，本桃正加班加点在后期机房守着，用最严谨的心态重新斟酌每一个镜头，用最诚恳的语言鞭策每一个编辑！希望能够在今后继续给大家呈现一个更棒更有趣的节目”。此前，杨幂官方粉丝团发文称“突然发现杨幂在该节目最新一期plus正常采访的镜头被删剪，且是在没有收到任何通知的情况下，这不仅是对杨幂女士合理权益的损害，也是对她个人的不尊重！并且该事件在后续短时间内于不同平台进行了舆论发酵，继而出现了大量的虚假信息，对杨幂本人的形象造成严重恶劣的影响。”
zongyi,赵丽颖不受争议影响晒照 甜笑为《天天向上》庆生,2020-08-10 09:46:00,新浪娱乐讯 9日，赵丽颖“扒拉饭碗”后发文晒美照，并称“#天天向上十二周年#好久不见，祝天天向上生日快乐”。照片中，赵丽颖穿小香风针织衫露甜笑。据悉，最新一期《中餐厅》播出后，有网友发现赵丽颖一直用筷子扒拉饭碗，认为此举不礼貌，引发热议。(责编：烩饭)
zongyi,黄晓明为赵丽颖发声：在盆里找肉吃是我们的乐趣,2020-08-09 22:51:00,新浪娱乐讯 8月9日，张亮就赵丽颖用筷子“扒拉菜”一事为赵丽颖发声
zongyi,郁可唯剧透《乘风破浪》出道人数：听说有五个,2020-08-09 22:16:00,新浪娱乐讯 8月9日，郁可唯在青春芒果夜剧透出道人数，她表示：“听说有五个。”何炅还不忘调侃她：“ 太清楚了，太明白了。”你期待哪几个姐姐出道？(责编：小5)
zongyi,宁静透露不追看《乘风破浪的姐姐》:害怕影响心情,2020-08-09 20:40:00,新浪娱乐讯 8月9日，宁静和郑希怡亮相青春芒果夜并一起接受了媒体采访。宁静透露，自己没有追看，因为害怕影响到心情。有媒体问到，如果身处荒岛，必须选一个姐姐陪自己，宁静会选谁？宁静答道：“当然选郑希怡，因为她就在我身边，而且她特别值得依赖，我可以信任她。”(责编：小5)
zongyi,万茜回应骨折恢复情况 透露戴护具为防止肌肉萎缩,2020-08-09 19:24:00,新浪娱乐讯 8月9日，万茜戴闪钻护具出席活动，也表达了目前的身体状况，她称：“外伤的恢复情况比较感人，问题比较大的是运动神经受损还没有完全恢复，如果没有护具会导致肌肉萎缩。”(责编：小5)
zongyi,杨超越收到节目组送的锦旗：三朝元老 原石破零,2020-08-09 16:49:00,新浪娱乐讯 8月9号，杨超越收到了《心动的信号》第三季节目组寄来的锦旗，上面写着：“三朝元老，原石破零”，杨超越穿着白色连衣裙，神情认真，对着镜头竖起了大拇指，看来对于节目组送来的锦旗还是很喜欢的。杨超越发微博还配文到：“锦旗收到，使命必达，这次我一定能够破零！”网友看到后也忍俊不禁：“超越妹妹这次我们的目标是突破0！ ”（砂糖桃子/文）
zongyi,王晨艺称胡军像父亲很严厉 切身感受代际情怀,2020-08-07 19:48:00,新浪娱乐讯 近日，互动观察类游戏综艺《元气满满的哥哥》在上海举行第二期看片会。节目嘉宾王晨艺现身，畅谈节目给自己带来的收获，力赞节目形式走心，游戏环节好玩且有意义。首期节目中，王晨艺化身元气帮藏团一员，牺牲自己，但仍凭借灵活身姿KO“四爷”吴奇隆，给观众留下深刻印象。第二期节目看片会上，将元气哥哥们新一期捉迷藏的经典画面呈上，王晨艺也以新装扮亮相。在参加《元气满满的哥哥》之前，王晨艺上过的综艺多偏向舞台类型。《元气满满的哥哥》这样能“放开玩”的节目，让王晨艺抱着无压力的愿望而来。在王晨艺看来，面对同样的游戏，元气大哥队和元气小哥队肯定会有不同的思维判断，年代不一样，会有代沟在，但是这也是很有意思的一点。年轻一代可以了解稍早年代的东西，元气哥哥了解现在年轻人玩的一些游戏，想的一些事情，这个设定非常好。王晨艺认为：不是说哥哥们年纪大就会很有威严，完全可以和哥哥们玩在一起，也很好相处的，这个过程很有意义。《元气满满的哥哥》通过如捉迷藏、玩弹弓、拍洋画、推铁环等经典游戏的再现与升级改造。以首期捉迷藏游戏为例，有别于小时候大家玩过的“原生版”捉迷藏，节目将乔装、计谋、不屈、“厮杀”等元素融合其中，并结合原创的实时观察室。第二期节目中，哥哥团又将进行“巨型弹弓”游戏Battle。节目中10位元气哥哥由于成长年代跨度很大，人生经历也迥然不同，性格更是各有特点。提及录制完节目后对哪一位节目中的哥哥比较有反差感时，王晨艺直言：“我觉得胡军老师挺像我爸爸的，比较严厉，实际上则对大家很照顾”。王晨艺在看片会现场也分享了自己与父亲的经历：“我小时候喜欢唱跳街舞的东西，起初我爸不理解，但慢慢爸爸也会去了解……我小时候也会看爸爸爱看的港台电影，随着慢慢长大，我也很乐意听爸爸讲以前的事情，这是一个慢慢了解，理解彼此的过程。”（奋斗乌托邦/文）(责编：Blue)
zongyi,袁咏琳发长文回应淘汰：我不再只是周杰伦的师妹,2020-08-07 15:04:00,新浪娱乐讯 8月7日，袁咏琳在微博发长文回应被淘汰，她表示：“被淘汰之后，我一直回想我到底哪里做得不够好？为什么我的个人票数才14票？”并感慨自已应该在拉票环节多说一点话，“如果当时勇敢说了，是不是会有不一样的结果呢？对于这件事，我是有一点遗憾和自责的。”袁咏琳还坦言：“我是四公最后被淘汰的人，也因为赛制和节目播出时间的原因，所以无法直接说出请大家帮我投票、考冲浪榜拉票复活回来。”她还不忘搞笑自侃：“我不再只是‘周杰伦的师妹’，或者是经常被搞混的‘袁咏仪的妹妹’。”(责编：小5)
zongyi,曾在节目中曝好友分手信息 麦迪娜和海陆拥抱和解,2020-08-07 10:24:00,新浪娱乐讯 本期《婆婆和妈妈》中，《新还珠》主演海陆、李晟、麦迪娜于节目中重聚。众人聊起海陆和麦迪娜因为一档节目产生的小误会，海陆表示：“不想让父母去担心这一块，我是尽自己最大的能力去平衡，所以自己内心也承受了很多”，麦迪娜自责落泪说觉得自己很对不起海陆，最后三人一起拥抱和解，李晟坦言：“我觉得女孩子的友谊就是这样，只要是误会过去了就过去了，没有大家想的那样，女人没有朋友，我觉得我们就会是一辈子的朋友。”此前，某节目中麦迪娜与闺蜜聊天透露海陆和于小彤感情状况，称两人经常吵架。引发网友讨论。随后，麦迪娜微博发文道歉，表示此内容只是朋友间的私下聊天，“说好不录，也没有戴麦，为什么被剪出来”。(责编：哈哈大王)
zongyi,友谊长存！江疏影王传君上戏重聚晒合影,2020-08-06 10:28:00,新浪娱乐讯 8月5日，江疏影在微博晒出与老同学王传君的合照，并表示：“跟王传君重回上戏，我夸他变得有味道了，他说这次不损我了。”粉丝纷纷留言：“祝老同学友谊长存”、“再回首，友相聚。”
zongyi,遭《明日之子》节目组压迫？张旸小智杨润泽回应,2020-08-05 23:01:00,新浪娱乐讯 5日晚，《明日之子》张旸与节目组争吵音频曝光后，引发争议。刚刚张旸、杨润泽、小智发文回应，三位选手均否认了节目组压迫一说，只是沟通和解决问题的情绪方式有问题，大家没有任何必要把此事放大，希望大家能保持理性思考。杨润泽全文：我想澄清一下张旸的这件事，张旸其实是个比较情绪化的人，那天导演组来对我们的编曲，听了demo之后觉得我们的编曲有很多的地方要改进，然后给我们提了很多的专业意见，想让我们重新做一版。然后张旸就有点不开心，因为这个编曲是我们做了几天讨论了很久才做出来的，所以当张旸听到要改编曲时就很不理解，但其实我们的编曲从我们的呈现来看没那么的直接，但当时张旸就有点不理智没有考虑那么多所以就对导演组发了脾气。但事后他也非常后悔，对他冲的的行为自责了很久，然后当知道这件事被放大后也不知道该怎么说，但节目组真的没有网上所说的压迫选手，同时我也非常感谢明日之子能给我这样一个机会，嗯就这样886。小智全文：先说明，我没有被玩成什么样子，大家放心，其次想聊一下这个事情本身的起因，因为赛制缘故涉及到要写原创，但是我们在很轻松完成了第一轮编曲创作。当时我们都觉得这个作品还不错，但是这首歌对于节目呈现确实存在一些问题，经过沟通之后，我们决定把这首歌先留下来，然后转换思路，做一些其他不同风格的尝试，后来由于时间比较紧，张暘压力比较大，所以就崩溃了。这在一个封闭式创作营中其实是很正常，但是张暘相对来说，更敏感，在自己崩溃的时候总会说一些没谱的话，沟通方式存在很大问题，但是其实他私下里也是一个很温暖的人，也在努力学着和别人相处和沟通，请给大家给他一些成长的空间。每个人都会存在情绪问题或沟通方式问题，大家完全没有任何必要把此事放大，如果大家真的喜欢或支持我们的话，希望能多听我们下次做出来的音乐。有一说一，节目组一直没有过多干扰我们，反而在很多方面给我们了很多帮助和支持，我真诚发自内心的希望大众能够对这些事情保持理性思考，感谢大家了。(责编：麦子七)
zongyi,郭敬明庆祝《少年之名》微电影上热搜:真的要哭了,2020-08-05 22:25:00,新浪娱乐讯 5日晚，郭敬明为《少年之名》选手拍的微电影终于上了热搜，他发文回应，“终于热搜了！（我这个没出息的样子仿佛人生从来没有上过热搜，弟弟们，冲啊，希望你们出道顺利啊，一定要大红，才对得起你们的辛苦和汗水！都火吧，弟弟们！总决赛了，我也帮不了你们什么啦，加油哇） 。他还在评论区说道“我真的要哭了，为啥这么没出息”。(责编：麦子七)
zongyi,张含韵《姐姐》三公没选孟佳？ 孟佳亲自“反黑”,2020-08-04 12:30:00,新浪娱乐讯 近日，孟佳在直播中回应《乘风破浪的姐姐》第三次公演张含韵没有选她的原因。孟佳表示张含韵一直都想来她这组，但是被她“唬”走了。孟佳认为张雨绮组《彩虹节拍》更适合张含韵，并能让她挑战又可爱又飒的风格。张含韵被说服后最终选择了张雨绮组。网友感叹二人友情令人羡慕，无时无刻都在为对方考虑。(责编：明侦探)
zongyi,《少年之名》陈俊豪苦练舞蹈获张艺兴点赞,2020-08-04 09:27:00,新浪娱乐讯 7月31日，少年青春逐梦同行成长综艺《少年之名》播出第六期，也迎来了第三次公演舞台，来自木加互娱的陈俊豪第三次担任队长，带领队员们重新演绎后街男孩经典歌曲《Everybody》，被制作人张艺兴称为是“荷尔蒙暴走、肾上腺素爆炸的一组”。初舞台中带来自己原创歌曲《sense of alienation》，获得导师们一致肯定和赞赏，当天“陈俊豪原创”也登上了微博上升榜。随后，陈俊豪就开启了自己《少年之名》的一路队长之旅，也开始了对舞蹈和唱跳能力的挑战。第一轮公演中，陈俊豪担任队长，带领队员带来一首欢乐的《阳光男孩阳光女孩》，把队长的职责和个人魅力都发挥得让人印象深刻。第二轮公演中，陈俊豪继续担任唱作组队长，以唱跳形式呈现队友原创歌曲，接受创作、声乐和舞蹈三项全面考核。也是第二轮公演开始，陈俊豪调整心态，从一个唱作人逐渐向全能idol发展。随后的“少年未完成”派对上，陈俊豪和队友们带来了原创歌曲《X.O.Crew Cypher》，而这首歌的舞台，也展现出了别样的热情和狂野。第三轮公演陈俊豪依然担任队长，队友称赞陈俊豪“写歌、唱功和表现力都很好”，而陈俊豪也在向着成为全能idol的路上迈出一大步。在这期节目中，陈俊豪透露了父母的情况，原来他的父母当年也是乐队成员，也难怪他如此有音乐天赋，更难得的是他透露父亲如今的眼光也十分锐利，“音乐现在已经不再是单单的听觉，越来越丰富的东西出现在人们面前，视觉、听觉、感觉，我觉得我需要学习”。因此，舞担组队长，也是“唱作小伙”陈俊豪开始了猛练舞蹈的日子。更加积极的心态让他进步飞速。陈俊豪表示：“我想和哥哥们成为一个团体，我想显得不突兀，和大家成为一个整体”。中途“小考”时，陈俊豪意外获得张艺兴的称赞，“不多不少，感觉刚刚好”。误打误撞敲开了“平衡感”大门的陈俊豪也十分开心。正式舞台时炸翻全场，获得导师们一致好评，郭敬明特别提到陈俊豪之前纯唱，现在已经可以完成唱跳了。成长令人惊喜，陈俊豪也顺利晋级。很快即将迎来《少年之名》的第四次公演，期待陈俊豪挖掘自己的更多可能性。(责编：明侦探)
zongyi,罗霈颖陈尸工作室 身上出现尸斑没留下遗书,2020-08-04 06:41:00,新浪娱乐讯 59岁艺人罗霈颖3日晚间被发现陈尸在台北市八德路工作室兼住家。据悉，因为朋友跟家人联络不到人，来工作室找，发现她已经在屋内身亡，详细原因还有待警方查清。据悉，警方进入屋内后，发现罗霈颖身上出现尸斑，现场没有留下遗书，但有个人药袋，目前现场已拉起封锁线，并通知罗霈颖的哥哥到场处理后续事宜。罗霈颖7月31日还在个人社交平台发文，更在底下回复网友留言，没想到3日惊传倒卧工作室身亡，社交平台也涌入大量悼念的留言。(责编：明侦探)
zongyi,黄圣依《浪姐》首秀说唱 《我的新衣》燃爆全场,2020-08-03 18:35:00,近期，综艺节目《乘风破浪的姐姐》持续热播，并进入了第五轮公演阶段。在此轮公演中，黄圣依自首轮之后，再次被分入由张雨绮领衔的“7人团”。并在公演中首次秀出说唱功力，一首《我的新衣》引爆全场观众热情。热门综艺《乘风破浪的姐姐》进入了第五轮公演的阶段，在此前口碑大逆转的“依依子”黄圣依，在首轮之后，再次被分入由7位姐姐组成的“7人团”中，在节目中，人数少是优化女团舞台呈现的一大“法宝”，更多的人数意味着更为复杂的走位编排，对于舞蹈的整齐程度也要求更高，“7人团”舞台难度可见一斑。然而黄圣依却在此轮表现的信心十足。在训练环节，黄圣依主动帮助队长张雨绮集合队友，并力挺队长表示其经验丰富，绝对值得信任。在首场表演中，黄圣依组演绎的《我的新衣》一亮相就震撼全场，在队友郑希怡意外受伤无法参加舞蹈的情况下，依然奉献了一场完成度很高的表演。黄圣依在表演中，献出《乘风破浪的姐姐》中说唱首秀，并在表演中展现“甩头杀”，燃爆全场，引来观众频频惊叹。在此前的节目中，黄圣依因为慢热的性格，网络口碑经历了从“全网黑”到“全网粉转黑”的大逆转，而在本期节目里，黄圣依与队友的谈话中，揭秘了自己慢热的根源：黄圣依在节目中表示自己交友的圈子很小，平时也不爱出门参加聚会，在剧组期间，在拍摄结束后便会回到房间。并直言自己“好说话”，剧组需要加班拍摄或临时增场，从来都是有求必应，十分敬业。这一番吐露心扉的表达，让观众在弹幕中纷纷表示：“没想到你是这样的依依子”。随着《乘风破浪的姐姐》赛程逐渐进入白热化，队员们的友爱情深也成为了观众津津乐道的话题，此前黄圣依和队友郑希怡的“床咚”互动，就引发全网热议。赛制虽然残酷，大家的友谊却真挚坦诚，让网友大呼“好有爱”。如今比赛仍在激烈的进行，本周播出的节目将会揭晓此次公演结果，值得期待。(责编：哈哈大王)
zongyi,《爆款星主播》首位嘉宾曝光:带货女王薇娅现身,2020-08-03 18:52:00,近日，综艺节目《爆款星主播》官宣启动，由沈涛和关关分别担任“首席聚星官”和“星推助力官”，并集结圈内“星”朋友叶一茜、朴树、周奇、何洛洛等联合打call，官博同时放送了一张首位飞行嘉宾的概念海报，惹得粉丝纷纷参与竞猜为爱豆喊麦打CALL，反响之热烈成功引起围观。“废话不多说，先来抽波奖”、“不用想，直接拍”、“没了吗？全加”…… ”这几句带有明显个人色彩的口头禅将答案直接指向“淘宝第一主播”、“带货女王”薇娅本娅无疑了。作为直播界的翘楚，直播卖火箭的第一人，薇娅在直播届的地位和成绩有目共睹，2019年薇娅全年带货额300亿，据凤凰网2020年6月《直播电商主播GMV月榜》显示，薇娅的单月GMV更是一骑绝尘以27.42亿元的销售额遥遥领先，成为总榜单第1名！今年以来，薇娅开始活跃于各大综艺节目，如：《王牌对王牌》、《极限挑战》、《跨界歌王》等，获得无数个粉丝的喜爱。本次薇娅将以飞行嘉宾的身份出现在《爆款星主播》现场，与沈涛、关关等众明星一起针对参赛选手的现场表现进行专业点评和指导，以场外视角探讨节目，为节目升温和制造系列话题。作为综艺节目的“新鲜血液”，薇娅的加入必将给《爆款新主播》带来很多新鲜的感觉和不一样的观看体验，吸引更多粉丝眼球。作为融合了“直播”+“真人秀”的全新物种，由场景互娱、蓝象传媒、定向互动联合出品，腾讯视频平台独播的《爆款星主播》积极探讨如何运用综艺力增加品牌“内容力”这一课题。通过内容丰富、观赏性强的节目内容将主持人、明星、选手与品牌自然连接，借助节目中不同性格、形象的节目嘉宾达到品牌传播的目的，既加强了观众对品牌的认知和印象，又巧妙地与节目建立了新的互动方式。据悉，《爆款星主播》将在11月登陆腾讯视频独播平台，在“ 全民皆主播 ”浪潮下打破圈层，通过多方位呈现主播特色，为年轻主播们搭建了一个个人IP独家打造的舞台，吸引观众、主播、平台、品牌等各方深度参与。一场席卷全行业的“主播热”浪潮呼之欲出，一场更激烈的品牌营销升级战也即将开启。(责编：哈哈大王)
zongyi,王丽坤：早想到会被淘汰 看自己表情包也很诧异,2020-08-03 14:57:00,“当你面对你不擅长的事情或者害怕的时候，反而去勇敢地面对它，你会发现它也没那么可怕，也许还会有不一样的收获。”在7月24日播出的《乘风破浪的姐姐》第三次公演中，王丽坤被淘汰了。当晚，她在社交媒体发表长文吐露了自己离开后的心情和感受。虽然在节目中被淘汰了，但是生活和工作还在继续，这些日子王丽坤马不停蹄地忙于各种工作，在经历了心情的沉淀后，她接受了新京报记者的专访。距离录制已经过去了一段时间，再提“淘汰”，王丽坤似乎很平静，“我是去感受这个舞台的，早晚会走，只是早一点晚一点而已。”这是王丽坤对于这段经历最真实的总结。她早有心理准备，没有不甘和遗憾，其实就连“早一点”和“晚一点”对她来说，意义也都是一样的。正如她在社交媒体发文告别《乘风破浪的姐姐》时开篇所说的那样——“我是一个演员”，她总是把这话挂在嘴边。王丽坤会给自己一个很明确的定位，她很清楚，成团与否，那又怎么样呢？她终归会回到自己的本职工作上。“只不过在那个氛围里，和其他姐姐一起组团，一起拼，肯定希望有一个好的结果。”所以，多留一期或者早走一期，现在她想想，其实没什么区别，“对于我来说，三次舞台已经有挺多收获的了。”对于离开，她在情绪上其实没有太大的波动，只不过淘汰的那个当下，她明明早就想到了，但是真到面对的时候，还是会有一丝丝失落。说这话时，她的语气很柔和，声音不高不低却温柔有力，就像她本人一样。最初接到节目组邀约，王丽坤有一点犹豫，这两年很火的选秀节目她几乎都没关注过，“女团”这个词对她来说很陌生。犹豫的点，是因为觉得自己不擅长，但她又觉得自己好像还有一些兴趣。“我觉得可以学一些没学过的舞种，而且我一直觉得歌手站在舞台上的那种感觉特别棒。”在成为演员之前，王丽坤是学舞蹈的，她对舞台有感觉，“在舞台上，紧张也好、兴奋也好，都是很即时的回馈感，我很怀念这种在舞台上的感觉。”能重新回到舞台，是打动王丽坤参加节目的助推力。对节目形式的新鲜感和强烈的好奇心，也让她最终决定加入。虽然没怎么看过选秀节目，但是王丽坤知道这种节目会给大家上课、培训、练习，最后呈现出一场演出，大家在一起竞争。她也曾经以为，都是她这种“音乐小白”来参加这样的节目，“去了之后才知道，原来很多都是专业歌手，还有专业女团出来的。”录制的前一晚，王丽坤还在问编导，到底都有谁，“他们也不说，搞得很神秘。”正如观众看到的那样，每个参加节目的姐姐，都是到了现场才知道其他“姐姐们”是谁，“当下就有点慌”，她觉得其他姐姐的实力都很强，但很快她安慰自己：既来之，则安之。第一次参加公演，王丽坤和伊能静、王智组成了一个三人团。因为排名原因，拿到的是一首她完全不擅长的歌曲，“歌儿很好听，但是对我来说太难了”。“不想给大家拖后腿”，在唱歌方面完全没有接受过培训的她，感受到了前所未有的压力。“当时伊能静姐姐一直在辅导我，包括唱歌的经验和技巧，王智也和我一起。我们就像相互鼓励、扶持的困难户。”回忆起自己参加节目后最艰难的时刻，王丽坤表情很是轻松，“但是当下真的没办法从容。”有了第一次的经验，到了第二次公演，王丽坤拿到了摇滚风格的歌曲，还是有很多人担心她的表现，她说她给自己设定了更适合的训练计划。“因为已经知道那个流程了，我就可以更好的安排自己，比如舞蹈我练两遍就会了，更多的时间可以练歌，李斯丹妮很擅长说唱，我跟着她，就有了方向。”王丽坤庆幸自己是个演员，演员的本职工作就是要扮演好自己的角色，虽然舞台上的一些东西并不是她所擅长的，但是在团里，她觉得自己应该扮演好自己的角色，站好那个位置，她也很感谢队友们给自己的鼓励和支持，也正是在这个过程中，她回过头再去想，原来也许这就是所谓的“女团精神”。性格慢热的王丽坤，在30个性格迥异的“姐姐团”中，很难让人一下就注意到。尤其是在前两期的节目里，她的镜头并不是最多的，也并非话题的焦点。“我不太善于和别人交际，找话题聊拉近关系，我偏慢热。”直到现在，在30个“姐姐”中，王丽坤也只跟曾经拍戏合作过及组过团的姐姐有更多的交流和接触。从第三期开始，王丽坤似乎突然活跃了起来，很多表情还被网友截图做成了表情包。她说最后一期的时候，王霏霏发给她一个片段，是王丽坤在使劲摇晃王霏霏，被人做成了表情包，当时大家觉得特别好玩。但是王丽坤自己很诧异，她完全没意识到自己摇晃得那么用力，“我当时内心就是想告诉她，不要自责，你已经很棒了。”王丽坤说，节目组的录制还是很贴心的，都是隐藏摄像头，所以大家在慢慢地相处中，真情流露。从第一期的慌乱、紧张，和大家的生疏，到后来的放松，和团员的熟络，王丽坤也展现了内心最真实的状态。来参加这个节目，王丽坤说，最大的收获就是以后更愿意去尝试一些以为自己不擅长的事情，而不是选择逃避。新京报记者 张坤玉(责编：kita)
zongyi,《成为妈妈后》刘芸分享多面人生 身份变勇气不变,2020-08-03 11:12:00,新浪娱乐讯 由腾讯视频、北京有养成长传媒有限公司联合出品的女性纪实类节目《成为妈妈后》第二季已于7月27日起每周一、二中午12点在腾讯视频播出。节目通过真实记录大S徐熙媛、刘芸、谢杏芳、李艾等中国女明星成为妈妈后的日常工作和生活，分享她们关于生育、养育的经验，解读他们成为妈妈后的忙碌、困惑、思考、成长。与万千女性共情，为新一代妈妈发声。本周嘉宾刘芸带着观众回到了自己的成长地，分享自己从一名演员，到妻子，再到妈妈，不同身份带给她的“变”与“不变”。本期节目中，刘芸重回她的成长地五一中路小学，分享自己成长经历：11岁离开长沙去广东学舞蹈，16岁决定放弃舞蹈考中戏，28岁那年，刘芸放弃了女演员的黄金期，选择和郑钧结婚生子……每一次人生节点，刘芸的决定都干脆利落。如此果敢的性格，或许是源于父母之间的恩爱，以及父母对自己所有选择的无条件支持。不过，在刘芸的人生决定中，只有一件事，是连父母都强烈反对的——就是选择结婚生孩子。父母觉得刘芸还是个孩子，她连自己都照顾不好怎么照顾好这个意外的小生命。对此，刘芸也坦言，自己“母性”并不强，没有想很早当妈妈，“小天使Jagger ”是意外出现在了生命里。可是，在周围的反对和质疑声中，她认为成为妈妈后一切问题都可以迎刃而解，所以坚定选择了“小天使”。她说，害怕变化不如拥抱变化。作为大众熟知的女演员，刘芸在事业上升期选择沉寂四年陪伴孩子成长，复出后又决定以综艺真人秀快速回到大众视野，这些选择和行为不可避免地遭到了一些人的非议。面对流言与误解，刘芸说“我不想活在一个综艺里，如果每一个误会我都去解释还挺浪费生命的，我选择在每个新工作里做自己。”不同的社会身份集合在同一自然人身上，演员、母亲、妻子、女儿这些身份并不冲突，就像每一个职场妈妈一样，在选择自我的同时也是在自我选择。除了工作中的坚持外，刘芸也想成为能被孩子欣赏的母亲，节目里，她更多地分享了成为妈妈后的家庭生活，褪去职场女性身份外的她也有专属于家庭的韧性与柔软。作为10岁孩子的妈妈，她分享缓解孩子上网课焦虑的方法，也聊起儿子写的第一首歌和逐渐展露的音乐天赋时满面欣喜，更愿意为孩子变得不那么倔强拥有软肋。如果说，家庭像一支乐队，那妈妈就是这支乐队的指挥家，为爱定调。刘芸说她想成为一个陪伴成长型的妈妈，和孩子一同学习成长，任何情况都勇敢面对。《成为妈妈后》作为腾讯视频与北京有养成长传媒合力打造的育龄女性纪实类节目，在制作升级、内容升级背景下致力于为“妈妈”们带来共鸣。此外，腾讯视频母婴频道也不断深耕品类内容，联合有养共同推出更多优质业内专家达人妈妈，为妈妈群体提供育儿生活上的多方支持和专业解读，进一步优化母婴品类内容生态。相信随着节目播出，徐熙媛、刘芸、谢杏芳、李艾四位优质正向明星妈妈的陆续分享和专业领域的强力背书，将会激励更多妈妈不断升级，自我成长，希望每个女性都可以用自己喜欢的样子成为妈妈。(责编：明侦探)
zongyi,“氧气女神”王衣田受邀参与《星空青春季》录制,2020-08-03 09:42:00,新浪娱乐讯 新晋人气小花王衣田因外表甜美而受关注，虽然娱乐圈从不缺少高颜值女艺人，不过像王衣田这般自带灵气的小花却少有，不少粉丝将她称为“氧气女神”。王衣田早前受邀参与公益综艺《星空青春季》的录制，搭档喜剧演员修睿，虽然是新人，还未有足够的拍摄经验，不过面对镜头，王衣田丝毫不怯场，且敢于向导演表达自己的意见和想法，现场工作人员对其一致好评。凭《星空青春季》获关注后，王衣田作为00后新生代小花，其清纯靓丽的形象为她赢得很多粉丝。(责编：明侦探)
zongyi,《隐秘》朱朝阳长得比严良高 周春红：牛奶没白喝,2020-08-03 08:31:00,新浪娱乐讯 8月2日，“朱朝阳”荣梓杉、“严良”史彭元、“周春红”刘琳和“王瑶”李梦四位主演上节目做客，网友也惊奇地发现，“朱朝阳”荣梓杉已经比拍摄时个头高了很多，跟“严良”史彭元站在一起时，个头甚至比他还高。“朱朝阳”个头比严良还高引发网友热议，“朱朝阳”荣梓杉转发微博，称“被发现了”，而在剧中扮演朱朝阳妈妈周春红的刘琳也转发微博，称“看到朝阳长这么高 ，妈妈甚感欣慰 ，牛奶没有白喝啊。”(责编：vhaha)
zongyi,第四季男女都可报名？《创造营》官博辟谣：假的,2020-08-02 20:35:00,新浪娱乐讯 8月2日，在腾讯视频年度发布会上，《创造营2021》宣布选手招募启动，随后网传第四季男女都可以报名，对此，腾讯视频创造营2020官微否认称：“假的”。(责编：麦子七)
zongyi,白举纲回应乐队淘汰：狭隘的定义不能代表摇滚,2020-08-02 11:25:00,新浪娱乐讯 在最新一期的《乐队的夏天2》中，白举纲所在的“白日梦症候群”乐队遭到专业乐迷的质疑而被淘汰。白举纲8月1日晚发长文回应此事，他表示对于这次比赛，他很享受，他很开心，对于比赛的结果他接受。相对于口舌之争，他们更在乎自己的音乐能够与多少产生连接。对于专业乐迷认为他不适合做摇滚这一点，白举纲表达了自己不同的看法，直言“老师们的狭隘定义更不能代表“摇滚”，摇滚不代表“地下”、“愤怒”、“坏小孩”。“随着时代的进步和变化，摇滚乐对我们而言，是鼓舞我们的老师，是传递力量的战友，是在我们快撑不下去的时候来的一剂强心针。”直接阐发了自己对于摇滚的热爱。在文章的最后，白举纲向所有的合作伙伴、观众以及节目表达了感谢。随后陈坤也在评论区留言鼓励白举纲：“每个人读解都不一样，正常，不要太当真。你好好的，开心的唱歌，观众席留座位给我。”据悉，在最新一期的《乐队的夏天2》中，白举纲舞台表演结束后，在大众和超级乐迷票数超高的情况下，专业乐迷只给了两票。而专业乐迷给出的解释是白举纲的表现实在“太好孩子”不适合做摇滚，并没有地下的那种“核”的存在。一旁的周迅帮助白举纲说话，称时代或许是已经变了，并不是好孩子的错误，称白举纲这样没有问题。网友也通过留言的方式表达了自己对小白的支持：“你很棒，七年了，就是很棒！”“从13年到现在，一直能看到你的进步，也给了我很多力量！冲啊白！我们一起加油！！！！”（砂糖桃子/文）(责编：七七)
zongyi,孙红雷调侃黄渤街舞姿势 遭对方用瓜子皮拼名字,2020-08-01 14:02:00,新浪娱乐讯 8月1日，黄渤发微博官宣加盟《这就是街舞》，孙红雷转发微博回应称：“大家围观一下我家渤，这姿势，是到了哪个景点要照相呢，忘记带披肩了，真香，瓜子大婶……”黄渤随后晒出用瓜子皮拼成孙红雷名字的图片。网友纷纷评论称：“黄渤孙红雷隔空互怼我能看三十集！”(责编：罗罗)
zongyi,外媒曝艾伦或退出《艾伦秀》：无法再继续了,2020-08-01 09:35:00,新浪娱乐讯 据《每日邮报》报道，制作方Telepictures一位匿名内部人士透露艾伦·德詹尼丝在被投诉后，已经向Telepictures和华纳兄弟电视的高管提出了离开该节目的请求。内部人士称，她觉得自己无法再继续了，能解脱的最好办法就是离开这个节目。最近，艾伦频频传出负面新闻，遭节目《艾伦秀》30多名员工联合控诉，“双面人”。据《纽约时报》报道，艾伦于周四通过电子邮件向工作人员道歉。
zongyi,郑希怡方回应彩排时受伤 这两天仍在继续录制节目,2020-07-31 18:22:00,新京报讯（记者张坤玉）7月31日，在最新播出的一期《乘风破浪的姐姐》中，郑希怡在彩排时意外受伤，并前往医院接受检查。节目中，医生称因为挫伤，如果再剧烈运动的话，用力不当很容易把韧带拉伤。随后，新京报记者联系到郑希怡团队，对方透露，郑希怡“正在边休养边练习中，这两天也还在录制节目。”至于伤情会不会影响到后续在节目中跳舞，工作室回应：大家可以关注第五次公演的播出。晚些时候，郑希怡也在社交媒体发文回应受伤一事，她称：“还好受伤的不是嘴，还能站着和大家一起唱RAP。”新京报记者 张坤玉(责编：小万)
zongyi,《中国新说唱2020》开战 实力选手打响冠军争夺战,2020-07-31 16:17:00,一份疑似“中国新说唱选手名单”的爆出，也让人们看到了今年的选手在兼具实力的同时，更呈现出多元化、年轻化的特点，让这场夺冠之战充满无限可能，精彩度倍增。(责编：哈哈大王)
zongyi,郑希怡回应彩排受伤：还能站着和大家一起唱rap,2020-07-31 15:44:00,新浪娱乐讯 7月31日，新一期《乘风破浪的姐姐》节目中，郑希怡彩排受伤登上热搜，随后郑希怡发微博回应：“还好受伤的不是嘴，还能和大家一起唱Rap”。粉丝为她加油打气：“姐姐你粤语rap好酷！！我好喜欢！！”、“没事你很棒！帅就完事！”(责编：小珂)
zongyi,黄晓明搬箱赵丽颖算账《中餐厅4》今晚开播角色变,2020-07-31 13:15:00,从官宣以来就一直备受关注的《中餐厅4》，今晚十点终于要在在湖南卫视正式播出了。由黄晓明、赵丽颖、张亮、林述巍、李浩菲组成的青春合伙人团队，在长江上进行了为期21天的美食奇幻漂流。在最近官方发出的预告片中就可以看到，黄晓明来到《中餐厅》第一天就被“坑”了，这到底是怎么回事？巴东百步梯吓倒合伙人 黄晓明化身暖心搬运工巴东三峡巫峡长，猿鸣三声泪沾裳。巴东是合伙人们本季长江之旅的第一站，小城依山而建，上连重庆，下接宜昌，位于巴山以东，故名为巴东。由于山区多为盘山公路，连接两条路最简单的方式就是百步梯，所以合伙人们来到这里面对的第一个挑战就是爬百步梯。黄晓明是第一个到达码头的合伙人，作为《中餐厅4》的店长，面对百步梯自然不能退缩。把自己的行李搬完已经是满头大汗，但他仍然记挂着其他合伙人，尤其是照顾着团队里的女生。提前给大家打电话确定到达时间，帮助大家一趟一趟搬行李，黄晓明在长长的百步梯上来回穿梭，化身一位暖心的搬运工。记得在《中餐厅3》中黄晓明曾经带了18个行李箱，厨具、调料一应俱全，为《中餐厅》的经营提供了很大的支持。看样子这一季林大厨是吸取了经验，在来之前做足了准备。不过本季回到国内录制，食材、调料都是新鲜的，购买也很方便，这下准备有点“过于充分”了，面对百步梯和身边十几个箱子，林大厨都不禁说了一句“可能把这个事情搞大了！”中餐厅资金周转疑遇难题 赵丽颖“巧妇难为无米之炊”？这边黄晓明搬行李搬得不亦乐乎，还没有歇一口气又和大家一起出发去采购了，后续又发生了什么故事呢？结合之前的路透来看，黄晓明赵丽颖还有其他合伙人，在整理完行李后就出发为餐厅营业采购食材了。照片中赵丽颖买菜边付钱边记账，看起来也是得心应手的样子。网友们也十分好奇，她在中餐厅到底是什么担当呢？之前《中餐厅》的节目监制夏青发微博透露，合伙人第一次买菜的经历会是丽颖觉得最晕的事。所以在买菜的过程中是发生了什么事情吗？这不禁让大家联想到前几季餐厅曾经出现过的“财务危机”。加上本季有两位大厨加入餐厅，两个对自己菜品要求极高的人，对食材的要求应该也很高，这样看来采购压力还是很大的。如果丽颖真的负责管钱，会不会面对“没钱可管”的局面呢？从“中餐厅去哪里”到“中餐厅从哪里来”，合伙人们的长江之旅今晚十点即将正式起航，这次的故事将从巴东讲起。究竟黄晓明搬了多少件行李？赵丽颖在餐厅的职务担当是什么？合伙人们能否顺利在长江上经营餐厅？让我们带着问题，一起去节目中寻找答案吧！(责编：哈哈大王)
zongyi,王一博舞蹈合集因侵权下架？《街舞》导演回应,2020-07-31 10:04:00,新浪娱乐讯 7月29日，有网友发现粉丝自制的王一博舞蹈合集《神的孩子在跳舞》遭到下架，视频up主晒与客服沟通截图，客服回复：“收到优酷的法务侵权申诉文件，应对方要求下架稿件”。随后引发粉丝热议。7月31日，《这就是街舞》导演回应，称：“《这！就是街舞》节目从未要求删除或下架和节目完全没关系的任何视频剪辑作品或合集，我们没有也不应当有这个权力。”(责编：小珂)
zongyi,伊能静珍惜和张萌黄圣依情谊：希望一直互相扶持,2020-07-30 21:14:00,新浪娱乐讯 7月30日晚，伊能静在微博晒出和张萌、黄圣依的亲密合照，写道：“婆婆和妈妈》伊能静还动情地表白两位好姐妹：“张萌”(责编：七七)
zongyi,《新西游记8》开拍网友跪求安宰贤回归 tvN回应,2020-07-30 19:45:00,新浪娱乐讯 据台媒报道，韩国超人气综艺《新西游记》第一季于2015年开播，该节目宗旨过去都是在海外拍摄，传递当地的美食与特色，第7季在1月结束，近期多注重于“番外篇”，直到29日才有最新消息传出，即将在8月开始录制第8季，更有许多观众敲碗希望安宰贤回归，对此tvN也作出回应了。据韩媒报道，29日传出tvN已经着手准备《新西游记》第八季的拍摄，只不过因为新冠肺炎疫情延烧全球的关系，在无法出国的情况之下，决定在韩国国内拍摄，并会录制长达两个月的时间，预计将在8月开拍，消息一出后也随即引起许多忠实观众讨论。其中，从《新西游记》第二季加入的成员安宰贤，也随着第八季拍摄的消息受到关注，日前第七季拍摄前他陷入与前妻具惠善的婚姻纠纷，当时以“不想因为私人原因给节目添麻烦”而下车，近日他和女方的离婚官司也走入司法程序，慢慢地和平解决中，因此让许多粉丝都希望他能够回归节目，继续展现“新美”的魅力。对此，tvN也随即做出回应，坦言“《新西游记》第八季虽然已经确定于韩国国内拍摄，但是具体的主题、拍摄行程等都还没有确定，还在讨论的阶段，且对于安宰贤是否回归，也还没有确定”。（ETtoday/文）(责编：烩饭)
zongyi,《中餐厅4》明晚十点首播 首支预告片上线,2020-07-30 14:40:00,新浪娱乐讯 随着本周五《中餐厅4》开播日的临近，网络上关于节目、嘉宾的讨论热度也越来越高。网友们除了好奇新加入的青春合伙人赵丽颖在节目中的表现外，同样好奇再度担任店长的黄晓明在本季节目中会有何表现，是延续以往的风格？还是有了全新的变化？昨晚本季《中餐厅》首个预告片惊喜上线，可以看出这一季的“黄店长”大不一样。黄晓明即任店长又成“船长”，首期节目刚抵达录制地就“意外被坑”？预告片中，伴随着青山绿水的优美画幅展开，黄晓明娓娓道来本季回国录制的新鲜感受：去国外的《中餐厅》是“《中餐厅》去哪里”，而回到中国的《中餐厅》是“《中餐厅》从哪里来”。黄晓明还表示“很期待这次《中餐厅》回家的味道。”然而话音未落，志得意满回归《中餐厅4》的黄店长却一下车就感叹：“又入坑了，又被坑了”，这到底是怎么回事呢？原来首期节目就先给了黄店长一记下马威——长长的百步梯是晓明哥抵达录制地后遇到的第一关挑战，提着行李的他必须走下百步梯才能登上“中餐厅号”邮轮，看看他手里两个大大的行李箱，不仅为晓明哥捏把汗：“这得走多久才能搬下去？”不过令人意想不到的是，黄店长最先担忧的却是“待会女孩子来了怎么办？我得去接她们。”节目组还俏皮地配字：“在中餐厅‘箱’信爱”……相信丽颖和浩菲应该会很感动！霸道boss变身暖心哥哥？“黄店长”从内到外散发着暖意不过黄店长说到做到，从预告片透露的内容来看，黄晓明似乎正在对某位嘉宾发送语音，汗流浃背的黄店长对着手机那头询问道“什么时候到？我得去接你一下。”而后到达的张亮也被长长的百步梯震慑住了，元气少女李浩菲也忍不住向晓明哥求助。有求必应的黄店长尽管汗湿衣衫，嘴上却依旧说着没事没事，勤快地替赵丽颖等一众小伙伴搬运行李。不过没想到“大boss”似乎还在后面，并不知道要面临“百步梯”这等艰巨挑战的林述巍林大厨，带了超多行李，连自己都不禁感叹“可能把这个事情搞大了……”，伴随着晓明哥幽幽感叹“感觉腿已经不是自己的了”，疲惫中又带着几分好笑！至于黄店长到底搬了多少趟箱子、又来回爬上爬下多少次？期待正片揭晓正确答案！看了预告片后更加期待，这样暖心的晓明哥在节目里还会有些什么惊喜表现呢？期待本周五晚10点《中餐厅4》首播，一起来见证“黄船长”真正的“乘风破浪”之旅吧。(责编：kita)
zongyi,杨洋时隔五年回归真人秀 吴奇隆擅长人脸识别,2020-07-29 22:37:00,新浪娱乐讯 7月29日，湖南卫视代际互动观察类游戏综艺《元气满满的哥哥》在成都进行录制，元气大哥队队长胡军和元气小哥队队长杨洋，分别率领元气大哥队成员蔡国庆、李维嘉、吴奇隆、王耀庆，元气小哥队成员陈学冬、黄明昊、王鹤棣、王彦霖接受了采访。作为湖南卫视第三季度全新打造的“新快综”，《元气满满的哥哥》在类型创新上进行了极大突破。节目将十位哥哥划分为元气大哥队和元气小哥队，其内核是对代际碰撞的一次直面。此番加盟《元气满满的哥哥》是杨洋阔别五年不录综艺后的再度回归，此番备受期待的回归，他本人首次正面回应：“（和花少）同一个团队更加的熟悉，安全感更加的足一些。这五年没有参加什么节目，粉丝也希望看到我，所以在综艺里面出现了。” 在被记者问到作为元气小哥队队长是否有压力时，杨洋也坦率表示，压力肯定是有的，特别是在节目中队长还要决定谁下期停赛这个问题上考虑得很多，但是 “来这个节目，我就希望能够照顾好弟弟们，跟哥哥们好好玩一下游戏也是很放松的”。而杨洋所说的照顾也体现在细节之处。7月28日恰逢元气小哥王彦霖的生日，寿星也爆料跟哥哥和弟弟们度过了难忘的生日，队长杨洋还亲自下厨为他准备了长寿面。《元气满满的哥哥》在跨代际新老游戏的对决下，凸显两代偶像的个性反差与思想碰撞，实现代际价值观的输出和相互影响。哥哥们在节目中更是不服输、不服老，力争用自己最好的状态去赢得比赛。蔡国庆毫不掩饰想要成为元气小哥队的想法：“我就想从大哥哥这边变成元气小哥哥这边，有一次开玩笑说，元气不仅我们这个岁数要保持这个元气，关键还是要吸元气……”被大家誉为元气大哥队中“体力担当”的吴奇隆，也被陈学冬频频称赞战斗力极强，“在做游戏的时候是非常厉害的哥哥。”胡军则在一旁笑称吴奇隆很擅长“人脸识别”，尤其是认女孩很准。捉迷藏的时候，女孩子们基本都是被他找到的。” 对于自己记不住人名这个“槽点”，胡军也在现场表示对于一些年轻人的名字，一开始确实记不住，但是与兄弟团已经相处了一段时间，他们的名字肯定记住了。此次录制地点恰逢四川成都，王鹤棣恰好是四川乐山人，可以说回到了半个故乡，说到美食，在一旁的胡军老师也按捺不住自己的心情让王鹤棣把哥哥叫来，给大家安排正宗的四川烤串。在目前释出的宣传片中，元气大哥队和元气小哥队一路“相爱相杀”，哥哥们更是活力满满。是否为了游戏而开始健身？胡军说，虽然我们都不属于健身达人，但是健身已经是我们生活中的常态。王耀庆还透露，在游戏中比体力比不过小哥队，大哥队也并不会在短期内通过健身增强体力，哥哥们有的就是多年积累的经验，总结下来，改变游戏规则就是获胜的法宝。对此，蔡国庆则表示：“虽然护腰板和护膝暂时还没派上用场，但是那些我养生的东西都还会还带着，硬仗还在后面”。更表示儿子庆庆是自己的强大动力：“实话实说，儿子庆庆说老爸你千万不要给我丢人，我天天陪着你。”还透露庆庆每天给自己做三组仰卧起坐和俯卧撑。近期《乘风破浪的姐姐》热度不减，参赛成员吴昕也担任《元气满满的哥哥》主持人，节目中哥哥们被问及pick哪位姐姐，哥哥们的表现毫无求生欲，王耀庆直言pick万茜，完全无视“元气大小姐”吴昕的存在。对此，王耀庆也细心解释道：“因为我只有跟万茜合作过。我没有跟吴昕合作过。我跟万茜一直维持一个良好的互动，所以我才说希望是万茜，就忽略了吴昕的这个心情。”十位年龄不同、性格各异的哥哥即将承包这个夏天的电视荧屏，他们会在轻松愉快的游戏中，碰撞出怎样的代际火花？元气哥哥们还将贡献哪些爆笑“名场面”？“童年记忆”时刻来袭，节目又将与各年龄层观众之间产生怎样的代际共鸣？期待本周五晚20：10湖南卫视《元气满满的哥哥》。(责编：明侦探)
